"0","WDIsearch('gdp')"
"1","      "
"1"," indicator                   "
"1","
  [1,]"
"1"," ""BX.TRF.PWKR.GD.ZS""         "
"1","
  [2,]"
"1"," ""BX.TRF.PWKR.DT.GD.ZS""      "
"1","
  [3,]"
"1"," ""BX.TRF.MGR.DT.GD.ZS""       "
"1","
  [4,]"
"1"," ""BX.KLT.DINV.WD.GD.ZS""      "
"1","
  [5,]"
"1"," ""BX.KLT.DINV.DT.GD.ZS""      "
"1","
  [6,]"
"1"," ""BX.GSR.MRCH.ZS""            "
"1","
  [7,]"
"1"," ""6.0.GDPpc_constant""        "
"1","
  [8,]"
"1"," ""6.0.GDP_usd""               "
"1","
  [9,]"
"1"," ""6.0.GDP_growth""            "
"1","
 [10,]"
"1"," ""6.0.GDP_current""           "
"1","
 [11,]"
"1"," ""5.51.01.10.gdp""            "
"1","
 [12,]"
"1"," ""SF.TRN.RAIL.KM.ZS""         "
"1","
 [13,]"
"1"," ""SE.XPD.TOTL.GD.ZS""         "
"1","
 [14,]"
"1"," ""SE.XPD.TERT.PC.ZS""         "
"1","
 [15,]"
"1"," ""SE.XPD.TERT.GDP.ZS""        "
"1","
 [16,]"
"1"," ""SE.XPD.SECO.PC.ZS""         "
"1","
 [17,]"
"1"," ""SE.XPD.SECO.GDP.ZS""        "
"1","
 [18,]"
"1"," ""SE.XPD.PRIM.PC.ZS""         "
"1","
 [19,]"
"1"," ""SE.XPD.PRIM.GDP.ZS""        "
"1","
 [20,]"
"1"," ""SE.XPD.EDUC.ZS""            "
"1","
 [21,]"
"1"," ""NY.GEN.SVNG.GD.ZS""         "
"1","
 [22,]"
"1"," ""NY.GEN.NDOM.GD.ZS""         "
"1","
 [23,]"
"1"," ""NY.GEN.DNGY.GD.ZS""         "
"1","
 [24,]"
"1"," ""NY.GEN.DMIN.GD.ZS""         "
"1","
 [25,]"
"1"," ""NY.GEN.DKAP.GD.ZS""         "
"1","
 [26,]"
"1"," ""NY.GEN.DFOR.GD.ZS""         "
"1","
 [27,]"
"1"," ""NY.GEN.DCO2.GD.ZS""         "
"1","
 [28,]"
"1"," ""NY.GEN.AEDU.GD.ZS""         "
"1","
 [29,]"
"1"," ""NY.GDS.TOTL.ZS""            "
"1","
 [30,]"
"1"," ""NY.GDP.TOTL.RT.ZS""         "
"1","
 [31,]"
"1"," ""NY.GDP.PETR.RT.ZS""         "
"1","
 [32,]"
"1"," ""NY.GDP.PCAP.PP.KD.ZG""      "
"1","
 [33,]"
"1"," ""NY.GDP.PCAP.PP.KD.87""      "
"1","
 [34,]"
"1"," ""NY.GDP.PCAP.PP.KD""         "
"1","
 [35,]"
"1"," ""NY.GDP.PCAP.PP.CD""         "
"1","
 [36,]"
"1"," ""NY.GDP.PCAP.KN""            "
"1","
 [37,]"
"1"," ""NY.GDP.PCAP.KD.ZG""         "
"1","
 [38,]"
"1"," ""NY.GDP.PCAP.KD""            "
"1","
 [39,]"
"1"," ""NY.GDP.PCAP.CN""            "
"1","
 [40,]"
"1"," ""NY.GDP.PCAP.CD""            "
"1","
 [41,]"
"1"," ""NY.GDP.NGAS.RT.ZS""         "
"1","
 [42,]"
"1"," ""NY.GDP.MKTP.XU.E""          "
"1","
 [43,]"
"1"," ""NY.GDP.MKTP.XD""            "
"1","
 [44,]"
"1"," ""NY.GDP.MKTP.PP.KD.87""      "
"1","
 [45,]"
"1"," ""NY.GDP.MKTP.PP.KD""         "
"1","
 [46,]"
"1"," ""NY.GDP.MKTP.PP.CD""         "
"1","
 [47,]"
"1"," ""NY.GDP.MKTP.KN.87.ZG""      "
"1","
 [48,]"
"1"," ""NY.GDP.MKTP.KN.87""         "
"1","
 [49,]"
"1"," ""NY.GDP.MKTP.KN""            "
"1","
 [50,]"
"1"," ""NY.GDP.MKTP.KD.ZG""         "
"1","
 [51,]"
"1"," ""NY.GDP.MKTP.KD.87""         "
"1","
 [52,]"
"1"," ""NY.GDP.MKTP.KD""            "
"1","
 [53,]"
"1"," ""NY.GDP.MKTP.IN""            "
"1","
 [54,]"
"1"," ""NY.GDP.MKTP.CN.XD""         "
"1","
 [55,]"
"1"," ""NY.GDP.MKTP.CN.AD""         "
"1","
 [56,]"
"1"," ""NY.GDP.MKTP.CN""            "
"1","
 [57,]"
"1"," ""NY.GDP.MKTP.CD.XD""         "
"1","
 [58,]"
"1"," ""NY.GDP.MKTP.CD""            "
"1","
 [59,]"
"1"," ""NY.GDP.MINR.RT.ZS""         "
"1","
 [60,]"
"1"," ""NY.GDP.FRST.RT.ZS""         "
"1","
 [61,]"
"1"," ""NY.GDP.FCST.KN.87""         "
"1","
 [62,]"
"1"," ""NY.GDP.FCST.KD.87""         "
"1","
 [63,]"
"1"," ""NY.GDP.DISC.KN""            "
"1","
 [64,]"
"1"," ""NY.GDP.DISC.CN""            "
"1","
 [65,]"
"1"," ""NY.GDP.DISC.CD""            "
"1","
 [66,]"
"1"," ""NYGDPMKTPSAKN""             "
"1","
 [67,]"
"1"," ""NYGDPMKTPSAKD""             "
"1","
 [68,]"
"1"," ""NYGDPMKTPSACN""             "
"1","
 [69,]"
"1"," ""NYGDPMKTPSACD""             "
"1","
 [70,]"
"1"," ""NYGDPMKTPKDZ""              "
"1","
 [71,]"
"1"," ""NY.GNS.ICTR.ZS""            "
"1","
 [72,]"
"1"," ""NE.CON.PETC.ZS""            "
"1","
 [73,]"
"1"," ""NE.CON.GOVT.ZS""            "
"1","
 [74,]"
"1"," ""NA.GDP.UTL.KR""             "
"1","
 [75,]"
"1"," ""NA.GDP.UTL.CR""             "
"1","
 [76,]"
"1"," ""NA.GDP.TRD.HTL.KR""         "
"1","
 [77,]"
"1"," ""NA.GDP.TRD.HTL.CR""         "
"1","
 [78,]"
"1"," ""NA.GDP.TRAN.COMM.KR""       "
"1","
 [79,]"
"1"," ""NA.GDP.TRAN.COMM.CR""       "
"1","
 [80,]"
"1"," ""NA.GDP.SRV.OTHR.KR""        "
"1","
 [81,]"
"1"," ""NA.GDP.SRV.OTHR.CR""        "
"1","
 [82,]"
"1"," ""NA.GDP.MNF.KR""             "
"1","
 [83,]"
"1"," ""NA.GDP.MNF.CR""             "
"1","
 [84,]"
"1"," ""NA.GDP.MINQ.KR""            "
"1","
 [85,]"
"1"," ""NA.GDP.MINQ.CR""            "
"1","
 [86,]"
"1"," ""NA.GDP.INC.OG.KR""          "
"1","
 [87,]"
"1"," ""NA.GDP.INC.OG.CR""          "
"1","
 [88,]"
"1"," ""NA.GDP.FINS.KR""            "
"1","
 [89,]"
"1"," ""NA.GDP.FINS.CR""            "
"1","
 [90,]"
"1"," ""NA.GDP.EXC.OG.KR""          "
"1","
 [91,]"
"1"," ""NA.GDP.EXC.OG.CR""          "
"1","
 [92,]"
"1"," ""NA.GDP.CNST.KR""            "
"1","
 [93,]"
"1"," ""NA.GDP.CNST.CR""            "
"1","
 [94,]"
"1"," ""NA.GDP.AGR.KR""             "
"1","
 [95,]"
"1"," ""NA.GDP.AGR.CR""             "
"1","
 [96,]"
"1"," ""MS.MIL.XPND.GD.ZS""         "
"1","
 [97,]"
"1"," ""FS.LBL.QLIQ.GD.ZS""         "
"1","
 [98,]"
"1"," ""FS.LBL.LIQU.GDP.ZS""        "
"1","
 [99,]"
"1"," ""FS.LBL.LIQU.GD.ZS""         "
"1","
[100,]"
"1"," ""FS.AST.PRVT.GDP.ZS""        "
"1","
[101,]"
"1"," ""FS.AST.PRVT.GD.ZS""         "
"1","
[102,]"
"1"," ""FS.AST.DTOT.ZS""            "
"1","
[103,]"
"1"," ""FS.AST.DOMS.GD.ZS""         "
"1","
[104,]"
"1"," ""FS.AST.DOMO.GD.ZS""         "
"1","
[105,]"
"1"," ""FS.AST.CGOV.GD.ZS""         "
"1","
[106,]"
"1"," ""FM.LBL.SEIG.GDP.ZS""        "
"1","
[107,]"
"1"," ""FM.LBL.QMNY.GDP.ZS""        "
"1","
[108,]"
"1"," ""FM.LBL.MQMY.XD""            "
"1","
[109,]"
"1"," ""FM.LBL.MQMY.GDP.ZS""        "
"1","
[110,]"
"1"," ""FM.LBL.MQMY.GD.ZS""         "
"1","
[111,]"
"1"," ""FM.LBL.BMNY.GD.ZS""         "
"1","
[112,]"
"1"," ""FM.AST.GOVT.CN.ZS""         "
"1","
[113,]"
"1"," ""DT.ODA.ALLD.GD.ZS""         "
"1","
[114,]"
"1"," ""DP.DOD.DLCD.CR.CG.Z1""      "
"1","
[115,]"
"1"," ""DP.DOD.DLCD.CR.BC.Z1""      "
"1","
[116,]"
"1"," ""DP.DOD.DECX.CR.NF.Z1""      "
"1","
[117,]"
"1"," ""DP.DOD.DECX.CR.GG.Z1""      "
"1","
[118,]"
"1"," ""DP.DOD.DECX.CR.FC.Z1""      "
"1","
[119,]"
"1"," ""DP.DOD.DECX.CR.CG.Z1""      "
"1","
[120,]"
"1"," ""DP.DOD.DECX.CR.BC.Z1""      "
"1","
[121,]"
"1"," ""DP.DOD.DECT.CR.NF.Z1""      "
"1","
[122,]"
"1"," ""DP.DOD.DECT.CR.GG.Z1""      "
"1","
[123,]"
"1"," ""DP.DOD.DECT.CR.FC.Z1""      "
"1","
[124,]"
"1"," ""DP.DOD.DECT.CR.CG.Z1""      "
"1","
[125,]"
"1"," ""DP.DOD.DECT.CR.BC.Z1""      "
"1","
[126,]"
"1"," ""DP.DOD.DECN.CR.NF.Z1""      "
"1","
[127,]"
"1"," ""DP.DOD.DECN.CR.GG.Z1""      "
"1","
[128,]"
"1"," ""DP.DOD.DECN.CR.FC.Z1""      "
"1","
[129,]"
"1"," ""DP.DOD.DECN.CR.CG.Z1""      "
"1","
[130,]"
"1"," ""DP.DOD.DECN.CR.BC.Z1""      "
"1","
[131,]"
"1"," ""DP.DOD.DECF.CR.NF.Z1""      "
"1","
[132,]"
"1"," ""DP.DOD.DECF.CR.GG.Z1""      "
"1","
[133,]"
"1"," ""DP.DOD.DECF.CR.FC.Z1""      "
"1","
[134,]"
"1"," ""DP.DOD.DECF.CR.CG.Z1""      "
"1","
[135,]"
"1"," ""DP.DOD.DECF.CR.BC.Z1""      "
"1","
[136,]"
"1"," ""DP.DOD.DECD.CR.NF.Z1""      "
"1","
[137,]"
"1"," ""DP.DOD.DECD.CR.GG.Z1""      "
"1","
[138,]"
"1"," ""DP.DOD.DECD.CR.FC.Z1""      "
"1","
[139,]"
"1"," ""DP.DOD.DECD.CR.CG.Z1""      "
"1","
[140,]"
"1"," ""DP.DOD.DECD.CR.BC.Z1""      "
"1","
[141,]"
"1"," ""DP.DOD.DLLO.CR.GG.Z1""      "
"1","
[142,]"
"1"," ""DP.DOD.DLLO.CR.FC.Z1""      "
"1","
[143,]"
"1"," ""DP.DOD.DLLO.CR.CG.Z1""      "
"1","
[144,]"
"1"," ""DP.DOD.DLLO.CR.BC.Z1""      "
"1","
[145,]"
"1"," ""DP.DOD.DLIN.CR.NF.Z1""      "
"1","
[146,]"
"1"," ""DP.DOD.DLIN.CR.M1.NF.Z1""   "
"1","
[147,]"
"1"," ""DP.DOD.DLIN.CR.M1.GG.Z1""   "
"1","
[148,]"
"1"," ""DP.DOD.DLIN.CR.M1.FC.Z1""   "
"1","
[149,]"
"1"," ""DP.DOD.DLIN.CR.M1.CG.Z1""   "
"1","
[150,]"
"1"," ""DP.DOD.DLIN.CR.M1.BC.Z1""   "
"1","
[151,]"
"1"," ""DP.DOD.DLIN.CR.L1.NF.Z1""   "
"1","
[152,]"
"1"," ""DP.DOD.DLIN.CR.L1.GG.Z1""   "
"1","
[153,]"
"1"," ""DP.DOD.DLIN.CR.L1.FC.Z1""   "
"1","
[154,]"
"1"," ""DP.DOD.DLIN.CR.L1.CG.Z1""   "
"1","
[155,]"
"1"," ""DP.DOD.DLIN.CR.L1.BC.Z1""   "
"1","
[156,]"
"1"," ""DP.DOD.DLIN.CR.GG.Z1""      "
"1","
[157,]"
"1"," ""DP.DOD.DLIN.CR.FC.Z1""      "
"1","
[158,]"
"1"," ""DP.DOD.DLIN.CR.CG.Z1""      "
"1","
[159,]"
"1"," ""DP.DOD.DLIN.CR.BC.Z1""      "
"1","
[160,]"
"1"," ""DP.DOD.DLDS.CR.NF.Z1""      "
"1","
[161,]"
"1"," ""DP.DOD.DLDS.CR.MV.NF.Z1""   "
"1","
[162,]"
"1"," ""DP.DOD.DLDS.CR.MV.GG.Z1""   "
"1","
[163,]"
"1"," ""DP.DOD.DLDS.CR.MV.FC.Z1""   "
"1","
[164,]"
"1"," ""DP.DOD.DLDS.CR.MV.CG.Z1""   "
"1","
[165,]"
"1"," ""DP.DOD.DLDS.CR.MV.BC.Z1""   "
"1","
[166,]"
"1"," ""DP.DOD.DLDS.CR.M1.NF.Z1""   "
"1","
[167,]"
"1"," ""DP.DOD.DLDS.CR.M1.GG.Z1""   "
"1","
[168,]"
"1"," ""DP.DOD.DLDS.CR.M1.FC.Z1""   "
"1","
[169,]"
"1"," ""DP.DOD.DLDS.CR.M1.CG.Z1""   "
"1","
[170,]"
"1"," ""DP.DOD.DLDS.CR.M1.BC.Z1""   "
"1","
[171,]"
"1"," ""DP.DOD.DLDS.CR.L1.NF.Z1""   "
"1","
[172,]"
"1"," ""DP.DOD.DLDS.CR.L1.GG.Z1""   "
"1","
[173,]"
"1"," ""DP.DOD.DLDS.CR.L1.FC.Z1""   "
"1","
[174,]"
"1"," ""DP.DOD.DLDS.CR.L1.CG.Z1""   "
"1","
[175,]"
"1"," ""DP.DOD.DLDS.CR.L1.BC.Z1""   "
"1","
[176,]"
"1"," ""DP.DOD.DLDS.CR.GG.Z1""      "
"1","
[177,]"
"1"," ""DP.DOD.DLDS.CR.FC.Z1""      "
"1","
[178,]"
"1"," ""DP.DOD.DLDS.CR.CG.Z1""      "
"1","
[179,]"
"1"," ""DP.DOD.DLDS.CR.BC.Z1""      "
"1","
[180,]"
"1"," ""DP.DOD.DLD4.CR.GG.Z1""      "
"1","
[181,]"
"1"," ""DP.DOD.DLD4.CR.CG.Z1""      "
"1","
[182,]"
"1"," ""DP.DOD.DLD3.CR.GG.Z1""      "
"1","
[183,]"
"1"," ""DP.DOD.DLD3.CR.CG.Z1""      "
"1","
[184,]"
"1"," ""DP.DOD.DLD2A.CR.GG.Z1""     "
"1","
[185,]"
"1"," ""DP.DOD.DLD2A.CR.CG.Z1""     "
"1","
[186,]"
"1"," ""DP.DOD.DLD2.CR.GG.Z1""      "
"1","
[187,]"
"1"," ""DP.DOD.DLD2.CR.CG.Z1""      "
"1","
[188,]"
"1"," ""DP.DOD.DLD1.CR.GG.Z1""      "
"1","
[189,]"
"1"," ""DP.DOD.DLD1.CR.CG.Z1""      "
"1","
[190,]"
"1"," ""DP.DOD.DLCD.CR.NF.Z1""      "
"1","
[191,]"
"1"," ""DP.DOD.DLCD.CR.M1.NF.Z1""   "
"1","
[192,]"
"1"," ""DP.DOD.DLCD.CR.M1.GG.Z1""   "
"1","
[193,]"
"1"," ""DP.DOD.DLCD.CR.M1.FC.Z1""   "
"1","
[194,]"
"1"," ""DP.DOD.DLCD.CR.M1.CG.Z1""   "
"1","
[195,]"
"1"," ""DP.DOD.DLCD.CR.M1.BC.Z1""   "
"1","
[196,]"
"1"," ""DP.DOD.DLCD.CR.L1.NF.Z1""   "
"1","
[197,]"
"1"," ""DP.DOD.DLCD.CR.L1.GG.Z1""   "
"1","
[198,]"
"1"," ""DP.DOD.DLCD.CR.L1.FC.Z1""   "
"1","
[199,]"
"1"," ""DP.DOD.DLCD.CR.L1.CG.Z1""   "
"1","
[200,]"
"1"," ""DP.DOD.DLCD.CR.L1.BC.Z1""   "
"1","
[201,]"
"1"," ""DP.DOD.DLCD.CR.GG.Z1""      "
"1","
[202,]"
"1"," ""DP.DOD.DLCD.CR.FC.Z1""      "
"1","
[203,]"
"1"," ""BI.WAG.TOTL.GD.ZS""         "
"1","
[204,]"
"1"," ""BG.KLT.DINV.GD.ZS""         "
"1","
[205,]"
"1"," ""BG.KLT.DINV.GD.PP.ZS""      "
"1","
[206,]"
"1"," ""BG.KAC.FNEI.GD.ZS""         "
"1","
[207,]"
"1"," ""BG.KAC.FNEI.GD.PP.ZS""      "
"1","
[208,]"
"1"," ""BG.GSR.NFSV.GD.ZS""         "
"1","
[209,]"
"1"," ""UIS.XUNIT.GDPCAP.5T8.FSHH"" "
"1","
[210,]"
"1"," ""UIS.XUNIT.GDPCAP.5T8.FSGOV"""
"1","
[211,]"
"1"," ""UIS.XUNIT.GDPCAP.3.FSGOV""  "
"1","
[212,]"
"1"," ""UIS.XUNIT.GDPCAP.23.FSHH""  "
"1","
[213,]"
"1"," ""UIS.XUNIT.GDPCAP.23.FSGOV"" "
"1","
[214,]"
"1"," ""UIS.XUNIT.GDPCAP.2.FSGOV""  "
"1","
[215,]"
"1"," ""UIS.XUNIT.GDPCAP.1.FSHH""   "
"1","
[216,]"
"1"," ""UIS.XUNIT.GDPCAP.1.FSGOV""  "
"1","
[217,]"
"1"," ""UIS.XUNIT.GDPCAP.02.FSGOV"" "
"1","
[218,]"
"1"," ""SH.XPD.KHEX.GD.ZS""         "
"1","
[219,]"
"1"," ""SH.XPD.HLTH.ZS""            "
"1","
[220,]"
"1"," ""SH.XPD.GHED.GD.ZS""         "
"1","
[221,]"
"1"," ""SH.XPD.CHEX.GD.ZS""         "
"1","
[222,]"
"1"," ""GC.XPN.TOTL.GD.ZS""         "
"1","
[223,]"
"1"," ""GC.TAX.TOTL.GD.ZS""         "
"1","
[224,]"
"1"," ""DT.TDS.DECT.GD.ZS""         "
"1","
[225,]"
"1"," ""DP.DOD.DSTC.CR.NF.Z1""      "
"1","
[226,]"
"1"," ""DP.DOD.DSTC.CR.GG.Z1""      "
"1","
[227,]"
"1"," ""DP.DOD.DSTC.CR.FC.Z1""      "
"1","
[228,]"
"1"," ""DP.DOD.DSTC.CR.CG.Z1""      "
"1","
[229,]"
"1"," ""DP.DOD.DSTC.CR.BC.Z1""      "
"1","
[230,]"
"1"," ""DP.DOD.DSOA.CR.NF.Z1""      "
"1","
[231,]"
"1"," ""DP.DOD.DSOA.CR.GG.Z1""      "
"1","
[232,]"
"1"," ""DP.DOD.DSOA.CR.FC.Z1""      "
"1","
[233,]"
"1"," ""DP.DOD.DSOA.CR.CG.Z1""      "
"1","
[234,]"
"1"," ""DP.DOD.DSOA.CR.BC.Z1""      "
"1","
[235,]"
"1"," ""DP.DOD.DSLO.CR.NF.Z1""      "
"1","
[236,]"
"1"," ""DP.DOD.DSLO.CR.GG.Z1""      "
"1","
[237,]"
"1"," ""DP.DOD.DSLO.CR.FC.Z1""      "
"1","
[238,]"
"1"," ""DP.DOD.DSLO.CR.CG.Z1""      "
"1","
[239,]"
"1"," ""DP.DOD.DSLO.CR.BC.Z1""      "
"1","
[240,]"
"1"," ""DP.DOD.DSIN.CR.NF.Z1""      "
"1","
[241,]"
"1"," ""DP.DOD.DSIN.CR.GG.Z1""      "
"1","
[242,]"
"1"," ""SH.XPD.TOTL.ZS""            "
"1","
[243,]"
"1"," ""SH.XPD.PUBL.ZS""            "
"1","
[244,]"
"1"," ""SH.XPD.PRIV.ZS""            "
"1","
[245,]"
"1"," ""SL.GDP.PCAP.EM.XD""         "
"1","
[246,]"
"1"," ""SL.GDP.PCAP.EM.KD.ZG""      "
"1","
[247,]"
"1"," ""SL.GDP.PCAP.EM.KD""         "
"1","
[248,]"
"1"," ""NY.GDP.DEFL.ZS.AD""         "
"1","
[249,]"
"1"," ""NY.GDP.DEFL.ZS.87""         "
"1","
[250,]"
"1"," ""NY.GDP.DEFL.ZS""            "
"1","
[251,]"
"1"," ""NY.GDP.DEFL.KD.ZG.AD""      "
"1","
[252,]"
"1"," ""NY.GDP.DEFL.KD.ZG""         "
"1","
[253,]"
"1"," ""NY.GDP.DEFL.87.ZG""         "
"1","
[254,]"
"1"," ""NY.GDP.COAL.RT.ZS""         "
"1","
[255,]"
"1"," ""NY.AGR.SUBS.GD.ZS""         "
"1","
[256,]"
"1"," ""IT.TEL.REVN.GD.ZS""         "
"1","
[257,]"
"1"," ""FI.RES.TOTL.CD.ZS""         "
"1","
[258,]"
"1"," ""FD.AST.PRVT.GD.ZS""         "
"1","
[259,]"
"1"," ""FB.DPT.INSU.PC.ZS""         "
"1","
[260,]"
"1"," ""EU.EGY.USES.GDP""           "
"1","
[261,]"
"1"," ""ER.GDP.FWTL.M3.KD""         "
"1","
[262,]"
"1"," ""S02""                       "
"1","
[263,]"
"1"," ""NV.SRV.DISC.KN""            "
"1","
[264,]"
"1"," ""NV.SRV.DISC.CN""            "
"1","
[265,]"
"1"," ""NV.SRV.DISC.CD""            "
"1","
[266,]"
"1"," ""NV.IND.TOTL.ZS""            "
"1","
[267,]"
"1"," ""NV.IND.TOTL.ZG""            "
"1","
[268,]"
"1"," ""NV.IND.MANF.ZS""            "
"1","
[269,]"
"1"," ""NV.AGR.TOTL.ZS""            "
"1","
[270,]"
"1"," ""NV.SRV.TOTL.ZS""            "
"1","
[271,]"
"1"," ""NV.SRV.TETC.ZS""            "
"1","
[272,]"
"1"," ""NV.SRV.TETC.ZG""            "
"1","
[273,]"
"1"," ""IS.RRS.PASG.K2.PP.ZS""      "
"1","
[274,]"
"1"," ""IS.RRS.GOOD.KM.PP.ZS""      "
"1","
[275,]"
"1"," ""GFDD.OI.18""                "
"1","
[276,]"
"1"," ""GFDD.OI.17""                "
"1","
[277,]"
"1"," ""EN.ATM.CO2E.KD.GD""         "
"1","
[278,]"
"1"," ""EN.ATM.CO2E.KD.87.GD""      "
"1","
[279,]"
"1"," ""EN.ATM.CO2E.GDP""           "
"1","
[280,]"
"1"," ""EG.USE.COMM.GD.PP.KD""      "
"1","
[281,]"
"1"," ""EG.GDP.PUSE.KO.PP.KD""      "
"1","
[282,]"
"1"," ""EG.GDP.PUSE.KO.PP""         "
"1","
[283,]"
"1"," ""EG.GDP.PUSE.KO.KD""         "
"1","
[284,]"
"1"," ""EG.GDP.PUSE.KO.87""         "
"1","
[285,]"
"1"," ""EG.EGY.PRIM.PP.KD""         "
"1","
[286,]"
"1"," ""DT.DOD.ALLN.ZSG""           "
"1","
[287,]"
"1"," ""DT.DOD.ALLC.ZSG""           "
"1","
[288,]"
"1"," ""CM.MKT.TRAD.GD.ZS""         "
"1","
[289,]"
"1"," ""CM.MKT.LCAP.GD.ZS""         "
"1","
[290,]"
"1"," ""CM.FIN.INTL.GD.ZS""         "
"1","
[291,]"
"1"," ""EN.ATM.CO2E.PP.GD.KD""      "
"1","
[292,]"
"1"," ""EN.ATM.CO2E.PP.GD""         "
"1","
[293,]"
"1"," ""DT.DOD.DECT.CD.ZSG""        "
"1","
[294,]"
"1"," ""PA.NUS.PPPC.RF""            "
"1","
[295,]"
"1"," ""PA.NUS.PPP.05""             "
"1","
[296,]"
"1"," ""PA.NUS.PPP""                "
"1","
[297,]"
"1"," ""NE.GDI.FPRV.ZS""            "
"1","
[298,]"
"1"," ""NE.GDI.EXPT.CR""            "
"1","
[299,]"
"1"," ""NE.GDI.CON.PRVT.CR""        "
"1","
[300,]"
"1"," ""NE.GDI.CON.NPI.CR""         "
"1","
[301,]"
"1"," ""NE.GDI.CON.GOVT.CR""        "
"1","
[302,]"
"1"," ""NE.EXP.GNFS.ZS""            "
"1","
[303,]"
"1"," ""NE.DAB.TOTL.ZS""            "
"1","
[304,]"
"1"," ""NE.CON.TOTL.ZS""            "
"1","
[305,]"
"1"," ""NE.CON.TOTL.ZG""            "
"1","
[306,]"
"1"," ""NE.CON.TETC.ZS""            "
"1","
[307,]"
"1"," ""NE.CON.PRVT.ZS""            "
"1","
[308,]"
"1"," ""NV.AGR.TOTL.ZG""            "
"1","
[309,]"
"1"," ""NV.AGR.PCAP.KD.ZG""         "
"1","
[310,]"
"1"," ""NP.SRV.TOTL.ZG""            "
"1","
[311,]"
"1"," ""NP.IND.TOTL.ZG""            "
"1","
[312,]"
"1"," ""NP.AGR.TOTL.ZG""            "
"1","
[313,]"
"1"," ""NE.TRD.GNFS.ZS""            "
"1","
[314,]"
"1"," ""NE.RSB.GNFS.ZS""            "
"1","
[315,]"
"1"," ""NE.RSB.GNFS.ZG""            "
"1","
[316,]"
"1"," ""NE.MRCH.GDP.ZS""            "
"1","
[317,]"
"1"," ""NE.IMP.GNFS.ZS""            "
"1","
[318,]"
"1"," ""NE.GDI.TOTL.ZS""            "
"1","
[319,]"
"1"," ""NE.GDI.TOTL.ZG""            "
"1","
[320,]"
"1"," ""NE.GDI.TOTL.CR""            "
"1","
[321,]"
"1"," ""NE.GDI.STKB.CR""            "
"1","
[322,]"
"1"," ""NE.GDI.IMPT.CR""            "
"1","
[323,]"
"1"," ""NE.GDI.FTOT.ZS""            "
"1","
[324,]"
"1"," ""NE.GDI.FTOT.CR""            "
"1","
[325,]"
"1"," ""NE.GDI.FPUB.ZS""            "
"1","
[326,]"
"1"," ""IE.ICT.TOTL.GD.ZS""         "
"1","
[327,]"
"1"," ""GC.REV.XGRT.GD.ZS""         "
"1","
[328,]"
"1"," ""GC.NLD.TOTL.GD.ZS""         "
"1","
[329,]"
"1"," ""GC.NFN.TOTL.GD.ZS""         "
"1","
[330,]"
"1"," ""GC.LBL.TOTL.GD.ZS""         "
"1","
[331,]"
"1"," ""GC.FIN.FRGN.GD.ZS""         "
"1","
[332,]"
"1"," ""GC.FIN.DOMS.GD.ZS""         "
"1","
[333,]"
"1"," ""GC.DOD.TOTL.GD.ZS""         "
"1","
[334,]"
"1"," ""GC.BAL.CASH.GD.ZS""         "
"1","
[335,]"
"1"," ""GC.AST.TOTL.GD.ZS""         "
"1","
[336,]"
"1"," ""GB.XPD.TOTL.GDP.ZS""        "
"1","
[337,]"
"1"," ""GB.XPD.TOTL.GD.ZS""         "
"1","
[338,]"
"1"," ""GB.XPD.RSDV.GD.ZS""         "
"1","
[339,]"
"1"," ""GB.XPD.DEFN.GDP.ZS""        "
"1","
[340,]"
"1"," ""GB.TAX.TOTL.GDP.ZS""        "
"1","
[341,]"
"1"," ""GB.TAX.TOTL.GD.ZS""         "
"1","
[342,]"
"1"," ""GB.SOE.OVRL.GD.ZS""         "
"1","
[343,]"
"1"," ""GB.SOE.NFLW.GDP.ZS""        "
"1","
[344,]"
"1"," ""GB.SOE.NFLW.GD.ZS""         "
"1","
[345,]"
"1"," ""GB.SOE.ECON.GDP.ZS""        "
"1","
[346,]"
"1"," ""GB.SOE.ECON.GD.ZS""         "
"1","
[347,]"
"1"," ""GB.SOE.DECT.ZS""            "
"1","
[348,]"
"1"," ""GB.RVC.TOTL.GD.ZS""         "
"1","
[349,]"
"1"," ""GB.REV.XAGT.CN.ZS""         "
"1","
[350,]"
"1"," ""GB.REV.TOTL.GDP.ZS""        "
"1","
[351,]"
"1"," ""GB.REV.CTOT.GD.ZS""         "
"1","
[352,]"
"1"," ""GB.FIN.DOMS.GDP.ZS""        "
"1","
[353,]"
"1"," ""GB.FIN.DOMS.GD.ZS""         "
"1","
[354,]"
"1"," ""GB.FIN.ABRD.GDP.ZS""        "
"1","
[355,]"
"1"," ""GB.FIN.ABRD.GD.ZS""         "
"1","
[356,]"
"1"," ""DT.ODA.ODAT.GD.ZS""         "
"1","
[357,]"
"1"," ""DT.ODA.NDAC.ZSG""           "
"1","
[358,]"
"1"," ""DT.ODA.MULT.ZSG""           "
"1","
[359,]"
"1"," ""DT.ODA.DACD.ZSG""           "
"1","
[360,]"
"1"," ""DP.DOD.DSIN.CR.FC.Z1""      "
"1","
[361,]"
"1"," ""DP.DOD.DSIN.CR.CG.Z1""      "
"1","
[362,]"
"1"," ""DP.DOD.DSIN.CR.BC.Z1""      "
"1","
[363,]"
"1"," ""DP.DOD.DSDS.CR.NF.Z1""      "
"1","
[364,]"
"1"," ""DP.DOD.DSDS.CR.GG.Z1""      "
"1","
[365,]"
"1"," ""DP.DOD.DSDS.CR.FC.Z1""      "
"1","
[366,]"
"1"," ""DP.DOD.DSDS.CR.CG.Z1""      "
"1","
[367,]"
"1"," ""DP.DOD.DSDS.CR.BC.Z1""      "
"1","
[368,]"
"1"," ""DP.DOD.DSCD.CR.NF.Z1""      "
"1","
[369,]"
"1"," ""DP.DOD.DSCD.CR.GG.Z1""      "
"1","
[370,]"
"1"," ""DP.DOD.DSCD.CR.FC.Z1""      "
"1","
[371,]"
"1"," ""DP.DOD.DSCD.CR.CG.Z1""      "
"1","
[372,]"
"1"," ""DP.DOD.DSCD.CR.BC.Z1""      "
"1","
[373,]"
"1"," ""DP.DOD.DLTC.CR.NF.Z1""      "
"1","
[374,]"
"1"," ""DP.DOD.DLTC.CR.M1.NF.Z1""   "
"1","
[375,]"
"1"," ""DP.DOD.DLTC.CR.M1.GG.Z1""   "
"1","
[376,]"
"1"," ""DP.DOD.DLTC.CR.M1.FC.Z1""   "
"1","
[377,]"
"1"," ""DP.DOD.DLTC.CR.M1.CG.Z1""   "
"1","
[378,]"
"1"," ""DP.DOD.DLTC.CR.M1.BC.Z1""   "
"1","
[379,]"
"1"," ""DP.DOD.DLTC.CR.L1.NF.Z1""   "
"1","
[380,]"
"1"," ""DP.DOD.DLTC.CR.L1.GG.Z1""   "
"1","
[381,]"
"1"," ""DP.DOD.DLTC.CR.L1.FC.Z1""   "
"1","
[382,]"
"1"," ""DP.DOD.DLTC.CR.L1.CG.Z1""   "
"1","
[383,]"
"1"," ""DP.DOD.DLTC.CR.L1.BC.Z1""   "
"1","
[384,]"
"1"," ""DP.DOD.DLTC.CR.GG.Z1""      "
"1","
[385,]"
"1"," ""DP.DOD.DLTC.CR.FC.Z1""      "
"1","
[386,]"
"1"," ""DP.DOD.DLTC.CR.CG.Z1""      "
"1","
[387,]"
"1"," ""DP.DOD.DLTC.CR.BC.Z1""      "
"1","
[388,]"
"1"," ""DP.DOD.DLSD.CR.NF.Z1""      "
"1","
[389,]"
"1"," ""DP.DOD.DLSD.CR.M1.NF.Z1""   "
"1","
[390,]"
"1"," ""DP.DOD.DLSD.CR.M1.GG.Z1""   "
"1","
[391,]"
"1"," ""DP.DOD.DLSD.CR.M1.FC.Z1""   "
"1","
[392,]"
"1"," ""DP.DOD.DLSD.CR.M1.CG.Z1""   "
"1","
[393,]"
"1"," ""DP.DOD.DLSD.CR.M1.BC.Z1""   "
"1","
[394,]"
"1"," ""DP.DOD.DLSD.CR.GG.Z1""      "
"1","
[395,]"
"1"," ""DP.DOD.DLSD.CR.FC.Z1""      "
"1","
[396,]"
"1"," ""DP.DOD.DLSD.CR.CG.Z1""      "
"1","
[397,]"
"1"," ""DP.DOD.DLSD.CR.BC.Z1""      "
"1","
[398,]"
"1"," ""DP.DOD.DLOA.CR.NF.Z1""      "
"1","
[399,]"
"1"," ""DP.DOD.DLOA.CR.M1.NF.Z1""   "
"1","
[400,]"
"1"," ""DP.DOD.DLOA.CR.M1.GG.Z1""   "
"1","
[401,]"
"1"," ""DP.DOD.DLOA.CR.M1.FC.Z1""   "
"1","
[402,]"
"1"," ""DP.DOD.DLOA.CR.M1.CG.Z1""   "
"1","
[403,]"
"1"," ""DP.DOD.DLOA.CR.M1.BC.Z1""   "
"1","
[404,]"
"1"," ""DP.DOD.DLOA.CR.L1.NF.Z1""   "
"1","
[405,]"
"1"," ""DP.DOD.DLOA.CR.L1.GG.Z1""   "
"1","
[406,]"
"1"," ""DP.DOD.DLOA.CR.L1.FC.Z1""   "
"1","
[407,]"
"1"," ""DP.DOD.DLOA.CR.L1.CG.Z1""   "
"1","
[408,]"
"1"," ""DP.DOD.DLOA.CR.L1.BC.Z1""   "
"1","
[409,]"
"1"," ""DP.DOD.DLOA.CR.GG.Z1""      "
"1","
[410,]"
"1"," ""DP.DOD.DLOA.CR.FC.Z1""      "
"1","
[411,]"
"1"," ""DP.DOD.DLOA.CR.CG.Z1""      "
"1","
[412,]"
"1"," ""DP.DOD.DLOA.CR.BC.Z1""      "
"1","
[413,]"
"1"," ""DP.DOD.DLLO.CR.NF.Z1""      "
"1","
[414,]"
"1"," ""DP.DOD.DLLO.CR.M1.NF.Z1""   "
"1","
[415,]"
"1"," ""DP.DOD.DLLO.CR.M1.GG.Z1""   "
"1","
[416,]"
"1"," ""DP.DOD.DLLO.CR.M1.FC.Z1""   "
"1","
[417,]"
"1"," ""DP.DOD.DLLO.CR.M1.CG.Z1""   "
"1","
[418,]"
"1"," ""DP.DOD.DLLO.CR.M1.BC.Z1""   "
"1","
[419,]"
"1"," ""DP.DOD.DLLO.CR.L1.NF.Z1""   "
"1","
[420,]"
"1"," ""DP.DOD.DLLO.CR.L1.GG.Z1""   "
"1","
[421,]"
"1"," ""DP.DOD.DLLO.CR.L1.FC.Z1""   "
"1","
[422,]"
"1"," ""DP.DOD.DLLO.CR.L1.CG.Z1""   "
"1","
[423,]"
"1"," ""DP.DOD.DLLO.CR.L1.BC.Z1""   "
"1","
[424,]"
"1"," ""GFDD.OI.14""                "
"1","
[425,]"
"1"," ""GFDD.OI.13""                "
"1","
[426,]"
"1"," ""GFDD.OI.09""                "
"1","
[427,]"
"1"," ""GFDD.OI.08""                "
"1","
[428,]"
"1"," ""GFDD.OI.02""                "
"1","
[429,]"
"1"," ""GFDD.EI.08""                "
"1","
[430,]"
"1"," ""GFDD.DM.13""                "
"1","
[431,]"
"1"," ""GFDD.DM.12""                "
"1","
[432,]"
"1"," ""GFDD.DM.11""                "
"1","
[433,]"
"1"," ""GFDD.DM.10""                "
"1","
[434,]"
"1"," ""GFDD.DM.09""                "
"1","
[435,]"
"1"," ""GFDD.DM.08""                "
"1","
[436,]"
"1"," ""GFDD.DM.07""                "
"1","
[437,]"
"1"," ""GFDD.DM.06""                "
"1","
[438,]"
"1"," ""GFDD.DM.05""                "
"1","
[439,]"
"1"," ""GFDD.DM.04""                "
"1","
[440,]"
"1"," ""GFDD.DM.03""                "
"1","
[441,]"
"1"," ""GFDD.DM.02""                "
"1","
[442,]"
"1"," ""GFDD.DM.01""                "
"1","
[443,]"
"1"," ""GFDD.DI.14""                "
"1","
[444,]"
"1"," ""GFDD.DI.13""                "
"1","
[445,]"
"1"," ""GFDD.DI.12""                "
"1","
[446,]"
"1"," ""GFDD.DI.11""                "
"1","
[447,]"
"1"," ""GFDD.DI.10""                "
"1","
[448,]"
"1"," ""GFDD.DI.09""                "
"1","
[449,]"
"1"," ""GFDD.DI.08""                "
"1","
[450,]"
"1"," ""GFDD.DI.07""                "
"1","
[451,]"
"1"," ""GFDD.DI.06""                "
"1","
[452,]"
"1"," ""GFDD.DI.05""                "
"1","
[453,]"
"1"," ""GFDD.DI.03""                "
"1","
[454,]"
"1"," ""GFDD.DI.02""                "
"1","
[455,]"
"1"," ""GFDD.DI.01""                "
"1","
[456,]"
"1"," ""UIS.XGDP.3.FSGOV""          "
"1","
[457,]"
"1"," ""UIS.XGDP.2T4.V.FSGOV""      "
"1","
[458,]"
"1"," ""UIS.XGDP.2T3.FSGOV.FFNTR""  "
"1","
[459,]"
"1"," ""UIS.XGDP.23.FSHH.FFNTR""    "
"1","
[460,]"
"1"," ""UIS.XGDP.23.FSGOV""         "
"1","
[461,]"
"1"," ""UIS.XGDP.2.FSGOV.FFNTR""    "
"1","
[462,]"
"1"," ""UIS.XGDP.2.FSGOV""          "
"1","
[463,]"
"1"," ""UIS.XGDP.1.FSHH.FFNTR""     "
"1","
[464,]"
"1"," ""UIS.XGDP.1.FSGOV.FFNTR""    "
"1","
[465,]"
"1"," ""UIS.XGDP.1.FSGOV""          "
"1","
[466,]"
"1"," ""UIS.XGDP.02.FSGOV.FFNTR""   "
"1","
[467,]"
"1"," ""UIS.XGDP.0.FSGOV""          "
"1","
[468,]"
"1"," ""TG.VAL.TOTL.GG.ZS""         "
"1","
[469,]"
"1"," ""TG.VAL.TOTL.GD.ZS""         "
"1","
[470,]"
"1"," ""TG.VAL.TOTL.GD.PP.ZS""      "
"1","
[471,]"
"1"," ""UIS.XGDP.FSHH.FFNTR""       "
"1","
[472,]"
"1"," ""UIS.XGDP.FSGOV.FFNTR""      "
"1","
[473,]"
"1"," ""UIS.XGDP.5T8.FSHH.FFNTR""   "
"1","
[474,]"
"1"," ""UIS.XGDP.5T8.FSGOV.FFNTR""  "
"1","
[475,]"
"1"," ""UIS.XGDP.56.FSGOV""         "
"1","
[476,]"
"1"," ""UIS.XGDP.4.FSGOV""          "
"1","
[477,]"
"1"," ""UIS.XGDP.3.FSGOV.FFNTR""    "
"1","
[478,]"
"1"," ""GB.DOD.TOTL.GDP.ZS""        "
"1","
[479,]"
"1"," ""GB.DOD.TOTL.GD.ZS""         "
"1","
[480,]"
"1"," ""GB.BAL.OVRL.GDP.ZS""        "
"1","
[481,]"
"1"," ""GB.BAL.OVRL.GD.ZS""         "
"1","
[482,]"
"1"," ""BN.TRF.CURR.CD.ZS""         "
"1","
[483,]"
"1"," ""BN.KLT.PRVT.GD.ZS""         "
"1","
[484,]"
"1"," ""BN.KLT.DINV.DRS.GDP.ZS""    "
"1","
[485,]"
"1"," ""BN.KLT.DINV.CD.ZS""         "
"1","
[486,]"
"1"," ""BN.GSR.FCTY.CD.ZS""         "
"1","
[487,]"
"1"," ""BN.CUR.GDPM.ZS""            "
"1","
[488,]"
"1"," ""BN.CAB.XOTR.ZS""            "
"1","
[489,]"
"1"," ""BN.CAB.XOKA.GDP.ZS""        "
"1","
[490,]"
"1"," ""BN.CAB.XOKA.GD.ZS""         "
"1","
[491,]"
"1"," ""BM.KLT.DINV.WD.GD.ZS""      "
"1","
[492,]"
"1"," ""BM.KLT.DINV.GD.ZS""         "
"1","
[493,]"
"1"," ""BM.GSR.MRCH.ZS""            "
"1","
"
"1","      "
"1"," name                                                                                                                      "
"1","
  [1,]"
"1"," ""Workers' remittances, receipts (% of GDP)""                                                                               "
"1","
  [2,]"
"1"," ""Personal remittances, received (% of GDP)""                                                                               "
"1","
  [3,]"
"1"," ""Migrant remittance inflows (% of GDP)""                                                                                   "
"1","
  [4,]"
"1"," ""Foreign direct investment, net inflows (% of GDP)""                                                                       "
"1","
  [5,]"
"1"," ""Foreign direct investment, net inflows (% of GDP)""                                                                       "
"1","
  [6,]"
"1"," ""Merchandise exports (BOP): percentage of GDP (%)""                                                                        "
"1","
  [7,]"
"1"," ""GDP per capita, PPP (constant 2011 international $) ""                                                                    "
"1","
  [8,]"
"1"," ""GDP (constant 2005 $)""                                                                                                   "
"1","
  [9,]"
"1"," ""GDP growth (annual %)""                                                                                                   "
"1","
 [10,]"
"1"," ""GDP (current $)""                                                                                                         "
"1","
 [11,]"
"1"," ""Per capita GDP growth""                                                                                                   "
"1","
 [12,]"
"1"," ""Rail traffic (km per million US$ GDP)""                                                                                   "
"1","
 [13,]"
"1"," ""Government expenditure on education, total (% of GDP)""                                                                   "
"1","
 [14,]"
"1"," ""Government expenditure per student, tertiary (% of GDP per capita)""                                                      "
"1","
 [15,]"
"1"," ""Public spending on education, tertiary (% of GDP)""                                                                       "
"1","
 [16,]"
"1"," ""Government expenditure per student, secondary (% of GDP per capita)""                                                     "
"1","
 [17,]"
"1"," ""Public spending on education, secondary (% of GDP)""                                                                      "
"1","
 [18,]"
"1"," ""Government expenditure per student, primary (% of GDP per capita)""                                                       "
"1","
 [19,]"
"1"," ""Public spending on education, primary (% of GDP)""                                                                        "
"1","
 [20,]"
"1"," ""Public Expenditure on Education  (% GDP)""                                                                                "
"1","
 [21,]"
"1"," ""Genuine domestic savings (% of GDP)""                                                                                     "
"1","
 [22,]"
"1"," ""Genuine savings: net domestic savings (% of GDP)""                                                                        "
"1","
 [23,]"
"1"," ""Genuine savings: energy depletion (% of GDP)""                                                                            "
"1","
 [24,]"
"1"," ""Genuine savings: mineral depletion (% of GDP)""                                                                           "
"1","
 [25,]"
"1"," ""Genuine savings: consumption of fixed capital (% of GDP)""                                                                "
"1","
 [26,]"
"1"," ""Genuine savings: net forest depletion (% of GDP)""                                                                        "
"1","
 [27,]"
"1"," ""Genuine savings: carbon dioxide damage (% of GDP)""                                                                       "
"1","
 [28,]"
"1"," ""Genuine savings: education expenditure (% of GDP)""                                                                       "
"1","
 [29,]"
"1"," ""Gross domestic savings (% of GDP)""                                                                                       "
"1","
 [30,]"
"1"," ""Total natural resources rents (% of GDP)""                                                                                "
"1","
 [31,]"
"1"," ""Oil rents (% of GDP)""                                                                                                    "
"1","
 [32,]"
"1"," ""GDP per capita, PPP annual growth (%)""                                                                                   "
"1","
 [33,]"
"1"," ""GDP per capita, PPP (constant 1987 international $)""                                                                     "
"1","
 [34,]"
"1"," ""GDP per capita, PPP (constant 2011 international $)""                                                                     "
"1","
 [35,]"
"1"," ""GDP per capita, PPP (current international $)""                                                                           "
"1","
 [36,]"
"1"," ""GDP per capita (constant LCU)""                                                                                           "
"1","
 [37,]"
"1"," ""GDP per capita growth (annual %)""                                                                                        "
"1","
 [38,]"
"1"," ""GDP per capita (constant 2010 US$)""                                                                                      "
"1","
 [39,]"
"1"," ""GDP per capita (current LCU)""                                                                                            "
"1","
 [40,]"
"1"," ""GDP per capita (current US$)""                                                                                            "
"1","
 [41,]"
"1"," ""Natural gas rents (% of GDP)""                                                                                            "
"1","
 [42,]"
"1"," ""GDP deflator, end period (base year varies by country)""                                                                  "
"1","
 [43,]"
"1"," ""GDP deflator (1987=100,Index)""                                                                                           "
"1","
 [44,]"
"1"," ""GDP, PPP (constant 1987 international $)""                                                                                "
"1","
 [45,]"
"1"," ""GDP, PPP (constant 2011 international $)""                                                                                "
"1","
 [46,]"
"1"," ""GDP, PPP (current international $)""                                                                                      "
"1","
 [47,]"
"1"," ""GDP growth (annual %)""                                                                                                   "
"1","
 [48,]"
"1"," ""GDP at market prices (constant 1987 LCU)""                                                                                "
"1","
 [49,]"
"1"," ""GDP (constant LCU)""                                                                                                      "
"1","
 [50,]"
"1"," ""GDP growth (annual %)""                                                                                                   "
"1","
 [51,]"
"1"," ""GDP at market prices (constant 1987 US$)""                                                                                "
"1","
 [52,]"
"1"," ""GDP (constant 2010 US$)""                                                                                                 "
"1","
 [53,]"
"1"," ""GDP Deflator""                                                                                                            "
"1","
 [54,]"
"1"," ""GDP deflator, period average (LCU index 2000=100)""                                                                       "
"1","
 [55,]"
"1"," ""GDP: linked series (current LCU)""                                                                                        "
"1","
 [56,]"
"1"," ""GDP (current LCU)""                                                                                                       "
"1","
 [57,]"
"1"," ""GDP deflator, index (2000=100; US$ series)""                                                                              "
"1","
 [58,]"
"1"," ""GDP (current US$)""                                                                                                       "
"1","
 [59,]"
"1"," ""Mineral rents (% of GDP)""                                                                                                "
"1","
 [60,]"
"1"," ""Forest rents (% of GDP)""                                                                                                 "
"1","
 [61,]"
"1"," ""GDP at factor cost (constant 1987 LCU)""                                                                                  "
"1","
 [62,]"
"1"," ""GDP at factor cost (constant 1987 US$)""                                                                                  "
"1","
 [63,]"
"1"," ""Discrepancy in expenditure estimate of GDP (constant LCU)""                                                               "
"1","
 [64,]"
"1"," ""Discrepancy in expenditure estimate of GDP (current LCU)""                                                                "
"1","
 [65,]"
"1"," ""Discrepancy in expenditure estimate of GDP (current US$)""                                                                "
"1","
 [66,]"
"1"," ""GDP,constant 2010 LCU,millions,seas. adj.,""                                                                              "
"1","
 [67,]"
"1"," ""GDP,constant 2010 US$,millions,seas. adj.,""                                                                              "
"1","
 [68,]"
"1"," ""GDP,current LCU,millions,seas. adj.,""                                                                                    "
"1","
 [69,]"
"1"," ""GDP,current US$,millions,seas. adj.,""                                                                                    "
"1","
 [70,]"
"1"," ""Annual percentage growth rate of GDP at market prices based on constant 2010 US Dollars.""                                "
"1","
 [71,]"
"1"," ""Gross savings (% of GDP)""                                                                                                "
"1","
 [72,]"
"1"," ""Household final consumption expenditure, etc. (% of GDP)""                                                                "
"1","
 [73,]"
"1"," ""General government final consumption expenditure (% of GDP)""                                                             "
"1","
 [74,]"
"1"," ""GDP on Utilities Sector (in IDR Million), Constant Price""                                                                "
"1","
 [75,]"
"1"," ""GDP on Utilities Sector (in IDR Million), Current Price""                                                                 "
"1","
 [76,]"
"1"," ""GDP on Trade, Hotel and Restaurant Sector (in IDR Million), Constant Price""                                              "
"1","
 [77,]"
"1"," ""GDP on Trade, Hotel and Restaurant Sector (in IDR Million), Current Price""                                               "
"1","
 [78,]"
"1"," ""GDP on Transportation and Telecommunication Sector (in IDR Million), Constant Price""                                     "
"1","
 [79,]"
"1"," ""GDP on Transportation and Telecommunication Sector (in IDR Million), Current Price""                                      "
"1","
 [80,]"
"1"," ""GDP on Other Service Sector (in IDR Million), Constant Price""                                                            "
"1","
 [81,]"
"1"," ""GDP on Other Service Sector (in IDR Million), Current Price""                                                             "
"1","
 [82,]"
"1"," ""GDP on Manufacturing Sector (in IDR Million), Constant Price""                                                            "
"1","
 [83,]"
"1"," ""GDP on Manufacturing Sector (in IDR Million), Current Price""                                                             "
"1","
 [84,]"
"1"," ""GDP on Mining and Quarrying Sector (in IDR Million), Constant Price""                                                     "
"1","
 [85,]"
"1"," ""GDP on Mining and Quarrying Sector (in IDR Million), Current Price""                                                      "
"1","
 [86,]"
"1"," ""Total GDP including Oil and Gas (in IDR Million), Constant Price""                                                        "
"1","
 [87,]"
"1"," ""Total GDP including Oil and Gas (in IDR Million), Current Price""                                                         "
"1","
 [88,]"
"1"," ""GDP on Financial Service Sector (in IDR Million), Constant Price""                                                        "
"1","
 [89,]"
"1"," ""GDP on Financial Service Sector (in IDR Million), Current Price""                                                         "
"1","
 [90,]"
"1"," ""Total GDP excluding Oil and Gas (in IDR Million), Constant Price""                                                        "
"1","
 [91,]"
"1"," ""Total GDP excluding Oil and Gas (in IDR Million), Current Price""                                                         "
"1","
 [92,]"
"1"," ""GDP on Construction Sector (in IDR Million), Constant Price""                                                             "
"1","
 [93,]"
"1"," ""GDP on Construction Sector (in IDR Million), Current Price""                                                              "
"1","
 [94,]"
"1"," ""GDP on Agriculture Sector (in IDR Million), Constant Price""                                                              "
"1","
 [95,]"
"1"," ""GDP on Agriculture Sector (in IDR Million), Current Price""                                                               "
"1","
 [96,]"
"1"," ""Military expenditure (% of GDP)""                                                                                         "
"1","
 [97,]"
"1"," ""Quasi-liquid liabilities (% of GDP)""                                                                                     "
"1","
 [98,]"
"1"," ""Liquid liabilities (M3) as % of GDP""                                                                                     "
"1","
 [99,]"
"1"," ""Liquid liabilities (M3) as % of GDP""                                                                                     "
"1","
[100,]"
"1"," ""Credit to private sector (% of GDP)""                                                                                     "
"1","
[101,]"
"1"," ""Domestic credit to private sector (% of GDP)""                                                                            "
"1","
[102,]"
"1"," ""Domestic credit provided by banking sector (% of GDP)""                                                                   "
"1","
[103,]"
"1"," ""Domestic credit provided by financial sector (% of GDP)""                                                                 "
"1","
[104,]"
"1"," ""Claims on other sectors of the domestic economy (% of GDP)""                                                              "
"1","
[105,]"
"1"," ""Claims on central government, etc. (% GDP)""                                                                              "
"1","
[106,]"
"1"," ""Seignorage (% of GDP)""                                                                                                   "
"1","
[107,]"
"1"," ""Quasi-liquid liabilities (% of GDP)""                                                                                     "
"1","
[108,]"
"1"," ""Income velocity of money (GDP/M2)""                                                                                       "
"1","
[109,]"
"1"," ""Money and quasi money (M2) as % of GDP""                                                                                  "
"1","
[110,]"
"1"," ""Money and quasi money (M2) as % of GDP""                                                                                  "
"1","
[111,]"
"1"," ""Broad money (% of GDP)""                                                                                                  "
"1","
[112,]"
"1"," ""Claims on governments and other public entities (% of GDP)""                                                              "
"1","
[113,]"
"1"," ""Net ODA received (% of GDP)""                                                                                             "
"1","
[114,]"
"1"," ""503.Currency and deposits (PSDCG)(% of GDP)""                                                                             "
"1","
[115,]"
"1"," ""535.Currency and deposits (PSDCGGB)(% of GDP)""                                                                           "
"1","
[116,]"
"1"," ""573.Gross Nonfinancial Public Corporations Debt, External creditors(% of GDP)""                                           "
"1","
[117,]"
"1"," ""477.General Govt. Public Sector Debt, External creditors(% of GDP)""                                                      "
"1","
[118,]"
"1"," ""605.Gross Financial Public Corporations Debt, External creditors(% of GDP)""                                              "
"1","
[119,]"
"1"," ""509.Central Govt. Public Sector Debt, External creditors(% of GDP)""                                                      "
"1","
[120,]"
"1"," ""541.Gross Budg. Central Govt. Public Sector Debt, External creditors(% of GDP)""                                          "
"1","
[121,]"
"1"," ""545.Gross Nonfinancial Public Corporations Debt (PSDNFPC)(% of GDP)""                                                     "
"1","
[122,]"
"1"," ""449.General Govt. Public Sector Debt (PSDGG)(% of GDP)""                                                                  "
"1","
[123,]"
"1"," ""577.Gross Financial Public Corporations Debt (PSDFPC, LT, >1yr)(% of GDP)""                                               "
"1","
[124,]"
"1"," ""481.Gross Central Government Debt (PSDCG)(% of GDP)""                                                                     "
"1","
[125,]"
"1"," ""513.Gross Budgetary Central Government Debt (PSDCGGB)(% of GDP)""                                                         "
"1","
[126,]"
"1"," ""574.Gross Nonfinancial Public Corporations Debt, Domestic currency(% of GDP)""                                            "
"1","
[127,]"
"1"," ""478.General Govt. Public Sector Debt, Domestic currency(% of GDP)""                                                       "
"1","
[128,]"
"1"," ""606.Gross Financial Public Corporations Debt, Domestic currency(% of GDP)""                                               "
"1","
[129,]"
"1"," ""510.Central Govt. Public Sector Debt, Domestic currency(% of GDP)""                                                       "
"1","
[130,]"
"1"," ""542.Gross Budg. Central Govt. Public Sector Debt, Domestic currency(% of GDP)""                                           "
"1","
[131,]"
"1"," ""575.Gross Nonfinancial Public Corporations Debt, Foreign currency(% of GDP)""                                             "
"1","
[132,]"
"1"," ""479.General Govt. Public Sector Debt, Foreign currency(% of GDP)""                                                        "
"1","
[133,]"
"1"," ""607.Gross Financial Public Corporations Debt, Foreign currency(% of GDP)""                                                "
"1","
[134,]"
"1"," ""511.Central Govt. Public Sector Debt, Foreign currency(% of GDP)""                                                        "
"1","
[135,]"
"1"," ""543.Gross Budg. Central Govt. Public Sector Debt, Foreign currency(% of GDP)""                                            "
"1","
[136,]"
"1"," ""572.Gross Nonfinancial Public Corporations Debt, Domestic creditors(% of GDP)""                                           "
"1","
[137,]"
"1"," ""476.General Govt. Public Sector Debt, Domestic creditors(% of GDP)""                                                      "
"1","
[138,]"
"1"," ""604.Gross Financial Public Corporations Debt, Domestic creditors(% of GDP)""                                              "
"1","
[139,]"
"1"," ""508.Central Govt. Public Sector Debt, Domestic creditors(% of GDP)""                                                      "
"1","
[140,]"
"1"," ""540.Gross Budg. Central Govt. Public Sector Debt, Domestic creditors(% of GDP)""                                          "
"1","
[141,]"
"1"," ""473.Loans (PSDGG, LT)(% of GDP)""                                                                                         "
"1","
[142,]"
"1"," ""601.Loans (PSDFPC)(% of GDP)""                                                                                            "
"1","
[143,]"
"1"," ""505.Loans (PSDCG)(% of GDP)""                                                                                             "
"1","
[144,]"
"1"," ""537.Loans (PSDCGGB)(% of GDP)""                                                                                           "
"1","
[145,]"
"1"," ""570.Insurance, pensions, and standardized guarantee schemes (PSDNFPC)(% of GDP)""                                         "
"1","
[146,]"
"1"," ""564.Insurance, pensions, and standardized guarantee schemes (PSDNFPC, LT, >1yr)(% of GDP)""                               "
"1","
[147,]"
"1"," ""468.Insurance, pensions, and stnd. guarantee schemes (PSDGG, LT, >1yr)(% of GDP)""                                        "
"1","
[148,]"
"1"," ""596.Insurance, pensions, and standardized guarantee schemes (PSDFPC, LT, >1yr)(% of GDP)""                                "
"1","
[149,]"
"1"," ""500.Insurance, pensions, and standardized guarantee schemes (PSDCG, LT, >1yr)(% of GDP)""                                 "
"1","
[150,]"
"1"," ""532.Insurance, pensions, and standardized guarantee schemes (PSDCGGB, LT, >1yr)(% of GDP)""                               "
"1","
[151,]"
"1"," ""557.Insurance, pensions, and standardized guarantee schemes (PSDNFPC, LT, <1yr)(% of GDP)""                               "
"1","
[152,]"
"1"," ""461.Insurance, pensions, and stnd. guarantee schemes (PSDGG, LT, <1yr)(% of GDP)""                                        "
"1","
[153,]"
"1"," ""589.Insurance, pensions, and standardized guarantee schemes (PSDFPC, LT, <1yr)(% of GDP)""                                "
"1","
[154,]"
"1"," ""493.Insurance, pensions, and standardized guarantee schemes (PSDCG, LT, <1yr)(% of GDP)""                                 "
"1","
[155,]"
"1"," ""525.Insurance, pensions, and standardized guarantee schemes (PSDCGGB, LT, <1yr)(% of GDP)""                               "
"1","
[156,]"
"1"," ""474.Insurance, pensions, and stnd. guarantee schemes (PSDGG, LT)(% of GDP)""                                              "
"1","
[157,]"
"1"," ""602.Insurance, pensions, and standardized guarantee schemes (PSDFPC)(% of GDP)""                                          "
"1","
[158,]"
"1"," ""506.Insurance, pensions, and standardized guarantee schemes (PSDCG)(% of GDP)""                                           "
"1","
[159,]"
"1"," ""538.Insurance, pensions, and standardized guarantee schemes (PSDCGGB)(% of GDP)""                                         "
"1","
[160,]"
"1"," ""568.Debt securities (PSDNFPC)(% of GDP)""                                                                                 "
"1","
[161,]"
"1"," ""576.Gross Nonfinancial Public Corporations Debt securities at market value(% of GDP)""                                    "
"1","
[162,]"
"1"," ""480.General Govt. Public Sector Debt securities at market value(% of GDP)""                                               "
"1","
[163,]"
"1"," ""Gross PSD, Financial Public Corp., All maturities, Debt Securities, Market value, % of GDP""                              "
"1","
[164,]"
"1"," ""512.Central Govt. Public Sector Debt securities at market value(% of GDP)""                                               "
"1","
[165,]"
"1"," ""544.Gross Budg. Central Govt. Public Sector Debt securities at market value(% of GDP)""                                   "
"1","
[166,]"
"1"," ""562.Debt securities (PSDNFPC, LT, >1yr)(% of GDP)""                                                                       "
"1","
[167,]"
"1"," ""466.Debt securities (PSDGG, LT, >1yr)(% of GDP)""                                                                         "
"1","
[168,]"
"1"," ""594.Debt securities (PSDFPC, LT, >1yr)(% of GDP)""                                                                        "
"1","
[169,]"
"1"," ""498.Debt securities (PSDCG, LT, >1yr)(% of GDP)""                                                                         "
"1","
[170,]"
"1"," ""530.Debt securities (PSDCGGB, LT, >1yr)(% of GDP)""                                                                       "
"1","
[171,]"
"1"," ""555.Debt securities (PSDNFPC, LT, <1yr)(% of GDP)""                                                                       "
"1","
[172,]"
"1"," ""459.Debt securities (PSDGG, LT, <1yr)(% of GDP)""                                                                         "
"1","
[173,]"
"1"," ""587.Debt securities (PSDFPC, LT, <1yr)(% of GDP)""                                                                        "
"1","
[174,]"
"1"," ""491.Debt securities (PSDCG, LT, <1yr)(% of GDP)""                                                                         "
"1","
[175,]"
"1"," ""523.Debt securities (PSDCGGB, LT, <1yr)(% of GDP)""                                                                       "
"1","
[176,]"
"1"," ""472.Debt securities (PSDGG, LT)(% of GDP)""                                                                               "
"1","
[177,]"
"1"," ""600.Debt securities (PSDFPC)(% of GDP)""                                                                                  "
"1","
[178,]"
"1"," ""504.Debt securities (PSDCG)(% of GDP)""                                                                                   "
"1","
[179,]"
"1"," ""536.Debt securities (PSDCGGB)(% of GDP)""                                                                                 "
"1","
[180,]"
"1"," ""Gross PSD, General Gov.-D4, All maturities, D3+insurance, pensions, and standardized guarantees, Nominal Value, % of GDP"""
"1","
[181,]"
"1"," ""Gross PSD, Central Gov.-D4, All maturities, D3+insurance, pensions, and standardized guarantees, Nominal Value, % of GDP"""
"1","
[182,]"
"1"," ""Gross PSD, General Gov.-D3, All maturities, D2+other accounts payable, Nominal Value, % of GDP""                          "
"1","
[183,]"
"1"," ""Gross PSD, Central Gov.-D3, All maturities, D2+other accounts payable, Nominal Value, % of GDP""                          "
"1","
[184,]"
"1"," ""Gross PSD, General Gov.-D2A, All maturities, D1+ currency and deposits, Maastricht debt, % of GDP""                       "
"1","
[185,]"
"1"," ""Gross PSD, Central Gov.-D2A, All maturities, D1+ currency and deposits, Maastricht debt, % of GDP""                       "
"1","
[186,]"
"1"," ""Gross PSD, General Gov.-D2, All maturities, D1+ SDRs + currency and deposits, Nominal Value, % of GDP""                   "
"1","
[187,]"
"1"," ""Gross PSD, Central Gov.-D2, All maturities, D1+ SDRs + currency and deposits, Nominal Value, % of GDP""                   "
"1","
[188,]"
"1"," ""Gross PSD, General Gov.-D1, All maturities, Debt securities + loans, Nominal Value, % of GDP""                            "
"1","
[189,]"
"1"," ""Gross PSD, Central Gov.-D1, All maturities, Debt securities + loans, Nominal Value, % of GDP""                            "
"1","
[190,]"
"1"," ""567.Currency and deposits (PSDNFPC)(% of GDP)""                                                                           "
"1","
[191,]"
"1"," ""561.Currency and deposits (PSDNFPC, LT, >1yr)(% of GDP)""                                                                 "
"1","
[192,]"
"1"," ""465.Currency and deposits (PSDGG, LT, >1yr)(% of GDP)""                                                                   "
"1","
[193,]"
"1"," ""593.Currency and deposits (PSDFPC, LT, >1yr)(% of GDP)""                                                                  "
"1","
[194,]"
"1"," ""497.Currency and deposits (PSDCG, LT, >1yr)(% of GDP)""                                                                   "
"1","
[195,]"
"1"," ""529.Currency and deposits (PSDCGGB, LT, >1yr)(% of GDP)""                                                                 "
"1","
[196,]"
"1"," ""554.Currency and deposits (PSDNFPC, LT, <1yr)(% of GDP)""                                                                 "
"1","
[197,]"
"1"," ""458.Currency and deposits (PSDGG, LT, <1yr)(% of GDP)""                                                                   "
"1","
[198,]"
"1"," ""586.Currency and deposits (PSDFPC, LT, <1yr)(% of GDP)""                                                                  "
"1","
[199,]"
"1"," ""490.Currency and deposits (PSDCG, LT, <1yr)(% of GDP)""                                                                   "
"1","
[200,]"
"1"," ""522.Currency and deposits (PSDCGGB, LT, <1yr)(% of GDP)""                                                                 "
"1","
[201,]"
"1"," ""471.Currency and deposits (PSDGG, LT)(% of GDP)""                                                                         "
"1","
[202,]"
"1"," ""599.Currency and deposits (PSDFPC)(% of GDP)""                                                                            "
"1","
[203,]"
"1"," ""Wage bill as a percentage of GDP""                                                                                        "
"1","
[204,]"
"1"," ""Gross foreign direct investment (% of GDP)""                                                                              "
"1","
[205,]"
"1"," ""Gross foreign direct investment (% of GDP, PPP)""                                                                         "
"1","
[206,]"
"1"," ""Gross private capital flows (% of GDP)""                                                                                  "
"1","
[207,]"
"1"," ""Gross private capital flows (% of GDP, PPP)""                                                                             "
"1","
[208,]"
"1"," ""Trade in services (% of GDP)""                                                                                            "
"1","
[209,]"
"1"," ""Initial household funding per tertiary student as a percentage of GDP per capita""                                        "
"1","
[210,]"
"1"," ""Initial government funding per tertiary student as a percentage of GDP per capita""                                       "
"1","
[211,]"
"1"," ""Initial government funding per upper secondary student as a percentage of GDP per capita""                                "
"1","
[212,]"
"1"," ""Initial household funding per secondary student as a percentage of GDP per capita""                                       "
"1","
[213,]"
"1"," ""Initial government funding per secondary student as a percentage of GDP per capita""                                      "
"1","
[214,]"
"1"," ""Initial government funding per lower secondary student as a percentage of GDP per capita""                                "
"1","
[215,]"
"1"," ""Initial household funding per primary student as a percentage of GDP per capita""                                         "
"1","
[216,]"
"1"," ""Initial government funding per primary student as a percentage of GDP per capita""                                        "
"1","
[217,]"
"1"," ""Initial government funding per pre-primary student as a percentage of GDP per capita""                                    "
"1","
[218,]"
"1"," ""Capital health expenditure (% of GDP)""                                                                                   "
"1","
[219,]"
"1"," ""Public Expenditure on Health (% GDP)""                                                                                    "
"1","
[220,]"
"1"," ""Domestic general government health expenditure (% of GDP)""                                                               "
"1","
[221,]"
"1"," ""Current health expenditure (% of GDP)""                                                                                   "
"1","
[222,]"
"1"," ""Expense (% of GDP)""                                                                                                      "
"1","
[223,]"
"1"," ""Tax revenue (% of GDP)""                                                                                                  "
"1","
[224,]"
"1"," ""Total debt service (% of GDP)""                                                                                           "
"1","
[225,]"
"1"," ""546.Short-term by original maturity (PSDNFPC, ST)(% of GDP)""                                                             "
"1","
[226,]"
"1"," ""450.Short-term by original maturity (PSDGG, ST)(% of GDP)""                                                               "
"1","
[227,]"
"1"," ""578.Short-term by original maturity (PSDFPC, ST)(% of GDP)""                                                              "
"1","
[228,]"
"1"," ""482.Short-term by original maturity (PSDCG, ST)(% of GDP)""                                                               "
"1","
[229,]"
"1"," ""514.Short-term by original maturity (PSDCGGB, ST)(% of GDP)""                                                             "
"1","
[230,]"
"1"," ""551.Other accounts payable (PSDNFPC, ST)(% of GDP)""                                                                      "
"1","
[231,]"
"1"," ""455.Other accounts payable (PSDGG, ST)(% of GDP)""                                                                        "
"1","
[232,]"
"1"," ""583.Other accounts payable (PSDFPC, ST)(% of GDP)""                                                                       "
"1","
[233,]"
"1"," ""487.Other accounts payable (PSDCG, ST)(% of GDP)""                                                                        "
"1","
[234,]"
"1"," ""519.Other accounts payable (PSDCGGB, ST)(% of GDP)""                                                                      "
"1","
[235,]"
"1"," ""549.Loans (PSDNFPC, ST)(% of GDP)""                                                                                       "
"1","
[236,]"
"1"," ""453.Loans (PSDGG, ST)(% of GDP)""                                                                                         "
"1","
[237,]"
"1"," ""581.Loans (PSDFPC, ST)(% of GDP)""                                                                                        "
"1","
[238,]"
"1"," ""485.Loans (PSDCG, ST)(% of GDP)""                                                                                         "
"1","
[239,]"
"1"," ""517.Loans (PSDCGGB, ST)(% of GDP)""                                                                                       "
"1","
[240,]"
"1"," ""550.Insurance, pensions, and standardized guarantee schemes (PSDNFPC, ST)(% of GDP)""                                     "
"1","
[241,]"
"1"," ""454.Insurance, pensions, and stnd. guarantee schemes (PSDGG, ST)(% of GDP)""                                              "
"1","
[242,]"
"1"," ""Health expenditure, total (% of GDP)""                                                                                    "
"1","
[243,]"
"1"," ""Health expenditure, public (% of GDP)""                                                                                   "
"1","
[244,]"
"1"," ""Health expenditure, private (% of GDP)""                                                                                  "
"1","
[245,]"
"1"," ""GDP per person employed, index (1980 = 100)""                                                                             "
"1","
[246,]"
"1"," ""GDP per person employed (annual % growth)""                                                                               "
"1","
[247,]"
"1"," ""GDP per person employed (constant 2011 PPP $)""                                                                           "
"1","
[248,]"
"1"," ""GDP deflator: linked series (base year varies by country)""                                                               "
"1","
[249,]"
"1"," ""GDP deflator (1987 = 100)""                                                                                               "
"1","
[250,]"
"1"," ""GDP deflator (base year varies by country)""                                                                              "
"1","
[251,]"
"1"," ""Inflation, GDP deflator: linked series (annual %)""                                                                       "
"1","
[252,]"
"1"," ""Inflation, GDP deflator (annual %)""                                                                                      "
"1","
[253,]"
"1"," ""Inflation, GDP deflator (annual %)""                                                                                      "
"1","
[254,]"
"1"," ""Coal rents (% of GDP)""                                                                                                   "
"1","
[255,]"
"1"," ""Agricultural support estimate (% of GDP)""                                                                                "
"1","
[256,]"
"1"," ""Telecommunications revenue (% GDP)""                                                                                      "
"1","
[257,]"
"1"," ""Total reserves includes gold (% of GDP)""                                                                                 "
"1","
[258,]"
"1"," ""Domestic credit to private sector by banks (% of GDP)""                                                                   "
"1","
[259,]"
"1"," ""Deposit insurance coverage (% of GDP per capita)""                                                                        "
"1","
[260,]"
"1"," ""GDP per unit of energy use (1987 US$ per kg of oil equivalent)""                                                          "
"1","
[261,]"
"1"," ""Water productivity, total (constant 2010 US$ GDP per cubic meter of total freshwater withdrawal)""                        "
"1","
[262,]"
"1"," ""EXPENDITURE SHARES (GDP=100)""                                                                                            "
"1","
[263,]"
"1"," ""Discrepancy in GDP, value added (constant LCU)""                                                                          "
"1","
[264,]"
"1"," ""Discrepancy in GDP, value added (current LCU)""                                                                           "
"1","
[265,]"
"1"," ""Discrepancy in GDP, value added (current US$)""                                                                           "
"1","
[266,]"
"1"," ""Industry (including construction), value added (% of GDP)""                                                               "
"1","
[267,]"
"1"," ""Industry: contribution to growth of GDP (%)""                                                                             "
"1","
[268,]"
"1"," ""Manufacturing, value added (% of GDP)""                                                                                   "
"1","
[269,]"
"1"," ""Agriculture, forestry, and fishing, value added (% of GDP)""                                                              "
"1","
[270,]"
"1"," ""Services, value added (% of GDP)""                                                                                        "
"1","
[271,]"
"1"," ""Services, etc., value added (% of GDP)""                                                                                  "
"1","
[272,]"
"1"," ""Services: contribution to growth of GDP (%)""                                                                             "
"1","
[273,]"
"1"," ""Railways, passenger-km (per PPP $ million of GDP)""                                                                       "
"1","
[274,]"
"1"," ""Railways, goods transported (ton-km per PPP $ million of GDP)""                                                           "
"1","
[275,]"
"1"," ""Total factoring volume to GDP (%)""                                                                                       "
"1","
[276,]"
"1"," ""Global leasing volume to GDP (%)""                                                                                        "
"1","
[277,]"
"1"," ""CO2 emissions (kg per 2010 US$ of GDP)""                                                                                  "
"1","
[278,]"
"1"," ""CO2 emissions, industrial (kg per 1987 US$ of GDP)""                                                                      "
"1","
[279,]"
"1"," ""CO2 emissions, industrial (kg per 1987 US$ of GDP)""                                                                      "
"1","
[280,]"
"1"," ""Energy use (kg of oil equivalent) per $1,000 GDP (constant 2011 PPP)""                                                    "
"1","
[281,]"
"1"," ""GDP per unit of energy use (constant 2011 PPP $ per kg of oil equivalent)""                                               "
"1","
[282,]"
"1"," ""GDP per unit of energy use (PPP $ per kg of oil equivalent)""                                                             "
"1","
[283,]"
"1"," ""GDP per unit of energy use (2000 US$ per kg of oil equivalent)""                                                          "
"1","
[284,]"
"1"," ""GDP per unit of energy use (1987 US$ per kg of oil equivalent)""                                                          "
"1","
[285,]"
"1"," ""Energy intensity level of primary energy (MJ/$2011 PPP GDP)""                                                             "
"1","
[286,]"
"1"," ""Debt on Non-concessional terms to GDP (% of GDP)""                                                                        "
"1","
[287,]"
"1"," ""Debt on Concessional terms to GDP (% of GDP)""                                                                            "
"1","
[288,]"
"1"," ""Stocks traded, total value (% of GDP)""                                                                                   "
"1","
[289,]"
"1"," ""Market capitalization of listed domestic companies (% of GDP)""                                                           "
"1","
[290,]"
"1"," ""Financing via international capital markets (gross inflows, % of GDP)""                                                   "
"1","
[291,]"
"1"," ""CO2 emissions (kg per 2011 PPP $ of GDP)""                                                                                "
"1","
[292,]"
"1"," ""CO2 emissions (kg per PPP $ of GDP)""                                                                                     "
"1","
[293,]"
"1"," ""Debt outstanding and disbursed, Total to GDP (% of GDP)""                                                                 "
"1","
[294,]"
"1"," ""Price level ratio of PPP conversion factor (GDP) to market exchange rate""                                                "
"1","
[295,]"
"1"," ""2005 PPP conversion factor, GDP (LCU per international $)""                                                               "
"1","
[296,]"
"1"," ""PPP conversion factor, GDP (LCU per international $)""                                                                    "
"1","
[297,]"
"1"," ""Gross fixed capital formation, private sector (% of GDP)""                                                                "
"1","
[298,]"
"1"," ""GDP expenditure on exports (in IDR Million)""                                                                             "
"1","
[299,]"
"1"," ""GDP expenditure on private consumption (in IDR Million)""                                                                 "
"1","
[300,]"
"1"," ""GDP expenditure on non profit private institution consumption (in IDR Million)""                                          "
"1","
[301,]"
"1"," ""GDP expenditure on general government consumption (in IDR Million)""                                                      "
"1","
[302,]"
"1"," ""Exports of goods and services (% of GDP)""                                                                                "
"1","
[303,]"
"1"," ""Gross national expenditure (% of GDP)""                                                                                   "
"1","
[304,]"
"1"," ""Final consumption expenditure (% of GDP)""                                                                                "
"1","
[305,]"
"1"," ""Total consumption: contribution to growth of GDP (%)""                                                                    "
"1","
[306,]"
"1"," ""Final consumption expenditure, etc. (% of GDP)""                                                                          "
"1","
[307,]"
"1"," ""Households and NPISHs final consumption expenditure (% of GDP)""                                                          "
"1","
[308,]"
"1"," ""Real agricultural GDP growth rates (%)""                                                                                  "
"1","
[309,]"
"1"," ""Real agricultural GDP per capita growth rate (%)""                                                                        "
"1","
[310,]"
"1"," ""Services: contribution to growth of GDP (%)""                                                                             "
"1","
[311,]"
"1"," ""Industry: contribution to growth of GDP (%)""                                                                             "
"1","
[312,]"
"1"," ""Agriculture: contribution to growth of GDP (%)""                                                                          "
"1","
[313,]"
"1"," ""Trade (% of GDP)""                                                                                                        "
"1","
[314,]"
"1"," ""External balance on goods and services (% of GDP)""                                                                       "
"1","
[315,]"
"1"," ""Resource balance: contribution to growth of GDP (%)""                                                                     "
"1","
[316,]"
"1"," ""Merchandise trade to GDP ratio (%)""                                                                                      "
"1","
[317,]"
"1"," ""Imports of goods and services (% of GDP)""                                                                                "
"1","
[318,]"
"1"," ""Gross capital formation (% of GDP)""                                                                                      "
"1","
[319,]"
"1"," ""Gross domestic investment: contr. to growth of GDP(%)""                                                                   "
"1","
[320,]"
"1"," ""Total GDP based on expenditure (in IDR Million)""                                                                         "
"1","
[321,]"
"1"," ""GDP expenditure on changes in stock (in IDR Million)""                                                                    "
"1","
[322,]"
"1"," ""GDP expenditure on imports (in IDR Million)""                                                                             "
"1","
[323,]"
"1"," ""Gross fixed capital formation (% of GDP)""                                                                                "
"1","
[324,]"
"1"," ""GDP expenditure on gross fixed capital formation (in IDR Million)""                                                       "
"1","
[325,]"
"1"," ""Gross public investment (% of GDP)""                                                                                      "
"1","
[326,]"
"1"," ""Information and communication technology expenditure (% of GDP)""                                                         "
"1","
[327,]"
"1"," ""Revenue, excluding grants (% of GDP)""                                                                                    "
"1","
[328,]"
"1"," ""Net lending (+) / net borrowing (-) (% of GDP)""                                                                          "
"1","
[329,]"
"1"," ""Net investment in nonfinancial assets (% of GDP)""                                                                        "
"1","
[330,]"
"1"," ""Net incurrence of liabilities, total (% of GDP)""                                                                         "
"1","
[331,]"
"1"," ""Net incurrence of liabilities, foreign (% of GDP)""                                                                       "
"1","
[332,]"
"1"," ""Net incurrence of liabilities, domestic (% of GDP)""                                                                      "
"1","
[333,]"
"1"," ""Central government debt, total (% of GDP)""                                                                               "
"1","
[334,]"
"1"," ""Cash surplus/deficit (% of GDP)""                                                                                         "
"1","
[335,]"
"1"," ""Net acquisition of financial assets (% of GDP)""                                                                          "
"1","
[336,]"
"1"," ""Total expenditure (% of GDP)""                                                                                            "
"1","
[337,]"
"1"," ""Expenditure, total (% of GDP)""                                                                                           "
"1","
[338,]"
"1"," ""Research and development expenditure (% of GDP)""                                                                         "
"1","
[339,]"
"1"," ""Defense expenditure (% of GDP)""                                                                                          "
"1","
[340,]"
"1"," ""Tax revenue (% of GDP)""                                                                                                  "
"1","
[341,]"
"1"," ""Tax revenue (% of GDP)""                                                                                                  "
"1","
[342,]"
"1"," ""State-owned enterprises, overall balance before transfers (% of GDP)""                                                    "
"1","
[343,]"
"1"," ""SOE net financial flows from government (% of GDP)""                                                                      "
"1","
[344,]"
"1"," ""State-owned enterprises, net financial flows from government (% of GDP)""                                                 "
"1","
[345,]"
"1"," ""SOE economic activity (% of GDP)""                                                                                        "
"1","
[346,]"
"1"," ""State-owned enterprises, economic activity (% of GDP)""                                                                   "
"1","
[347,]"
"1"," ""SOE external debt (% of GDP)""                                                                                            "
"1","
[348,]"
"1"," ""Current revenue, excluding grants (% of GDP)""                                                                            "
"1","
[349,]"
"1"," ""Central government revenues, excluding all grants (% of GDP)""                                                            "
"1","
[350,]"
"1"," ""Current revenue (% of GDP)""                                                                                              "
"1","
[351,]"
"1"," ""Current revenue, excluding grants (% of GDP)""                                                                            "
"1","
[352,]"
"1"," ""Domestic finanacing (% of GDP)""                                                                                          "
"1","
[353,]"
"1"," ""Domestic financing, total (% of GDP)""                                                                                    "
"1","
[354,]"
"1"," ""Financing from abroad (% of GDP)""                                                                                        "
"1","
[355,]"
"1"," ""Financing from abroad (% of GDP)""                                                                                        "
"1","
[356,]"
"1"," ""Net ODA received (% of GDP)""                                                                                             "
"1","
[357,]"
"1"," ""Net ODA received from non-DAC bilateral donors (% of GDP)""                                                               "
"1","
[358,]"
"1"," ""Net ODA received from multilateral donors (% of GDP)""                                                                    "
"1","
[359,]"
"1"," ""Net ODA received from DAC donors (% of recipient's GDP)""                                                                 "
"1","
[360,]"
"1"," ""582.Insurance, pensions, and standardized guarantee schemes (PSDFPC, ST)(% of GDP)""                                      "
"1","
[361,]"
"1"," ""486.Insurance, pensions, and standardized guarantee schemes (PSDCG, ST)(% of GDP)""                                       "
"1","
[362,]"
"1"," ""518.Insurance, pensions, and standardized guarantee schemes (PSDCGGB, ST)(% of GDP)""                                     "
"1","
[363,]"
"1"," ""548.Debt securities (PSDNFPC, ST)(% of GDP)""                                                                             "
"1","
[364,]"
"1"," ""452.Debt securities (PSDGG, ST)(% of GDP)""                                                                               "
"1","
[365,]"
"1"," ""580.Debt securities (PSDFPC, ST)(% of GDP)""                                                                              "
"1","
[366,]"
"1"," ""484.Debt securities (PSDCG, ST)(% of GDP)""                                                                               "
"1","
[367,]"
"1"," ""516.Debt securities (PSDCGGB, ST)(% of GDP)""                                                                             "
"1","
[368,]"
"1"," ""547.Currency and deposits (PSDNFPC, ST)(% of GDP)""                                                                       "
"1","
[369,]"
"1"," ""451.Currency and deposits (PSDGG, ST)(% of GDP)""                                                                         "
"1","
[370,]"
"1"," ""579.Currency and deposits (PSDFPC, ST)(% of GDP)""                                                                        "
"1","
[371,]"
"1"," ""483.Currency and deposits (PSDCG, ST)(% of GDP)""                                                                         "
"1","
[372,]"
"1"," ""515.Currency and deposits (PSDCGGB, ST)(% of GDP)""                                                                       "
"1","
[373,]"
"1"," ""552.Long-term, by original maturity (PSDNFPC, LT)(% of GDP)""                                                             "
"1","
[374,]"
"1"," ""559.With payment due in more than one year (PSDNFPC, LT, >1yr)(% of GDP)""                                                "
"1","
[375,]"
"1"," ""463.With payment due in more than one year (PSDGG, LT, >1yr)(% of GDP)""                                                  "
"1","
[376,]"
"1"," ""591.With payment due in more than one year (PSDFPC, LT, >1yr)(% of GDP)""                                                 "
"1","
[377,]"
"1"," ""495.With payment due in more than one year (PSDCG, LT, >1yr)(% of GDP)""                                                  "
"1","
[378,]"
"1"," ""527.With payment due in more than one year (PSDCGGB, LT, >1yr)(% of GDP)""                                                "
"1","
[379,]"
"1"," ""553.With payment due in one year or less (PSDNFPC, LT, <1yr)(% of GDP)""                                                  "
"1","
[380,]"
"1"," ""457.With payment due in one year or less (PSDGG, LT, <1yr)(% of GDP)""                                                    "
"1","
[381,]"
"1"," ""585.With payment due in one year or less (PSDFPC, LT, <1yr)(% of GDP)""                                                   "
"1","
[382,]"
"1"," ""489.With payment due in one year or less (PSDCG, LT, <1yr)(% of GDP)""                                                    "
"1","
[383,]"
"1"," ""521.With payment due in one year or less (PSDCGGB, LT, <1yr)(% of GDP)""                                                  "
"1","
[384,]"
"1"," ""456.Long-term, by original maturity (PSDGG, LT)(% of GDP)""                                                               "
"1","
[385,]"
"1"," ""584.Long-term, by original maturity (PSDFPC, LT)(% of GDP)""                                                              "
"1","
[386,]"
"1"," ""488.Long-term, by original maturity (PSDCG, LT)(% of GDP)""                                                               "
"1","
[387,]"
"1"," ""520.Long-term, by original maturity (PSDCGGB, LT)(% of GDP)""                                                             "
"1","
[388,]"
"1"," ""566.Special Drawing Rights (SDRs) (PSDNFPC)(% of GDP)""                                                                   "
"1","
[389,]"
"1"," ""560.Special Drawing Rights (SDRs) (PSDNFPC, LT, >1yr)(% of GDP)""                                                         "
"1","
[390,]"
"1"," ""464.Special Drawing Rights (SDRs) (PSDGG, LT, >1yr)(% of GDP)""                                                           "
"1","
[391,]"
"1"," ""592.Special Drawing Rights (SDRs) (PSDFPC, LT, >1yr)(% of GDP)""                                                          "
"1","
[392,]"
"1"," ""496.Special Drawing Rights (SDRs) (PSDCG, LT, >1yr)(% of GDP)""                                                           "
"1","
[393,]"
"1"," ""528.Special Drawing Rights (SDRs) (PSDCGGB, LT, >1yr)(% of GDP)""                                                         "
"1","
[394,]"
"1"," ""470.Special Drawing Rights (SDRs) (PSDGG, LT)(% of GDP)""                                                                 "
"1","
[395,]"
"1"," ""598.Special Drawing Rights (SDRs) (PSDFPC)(% of GDP)""                                                                    "
"1","
[396,]"
"1"," ""502.Special Drawing Rights (SDRs) (PSDCG)(% of GDP)""                                                                     "
"1","
[397,]"
"1"," ""534.Special Drawing Rights (SDRs) (PSDCGGB)(% of GDP)""                                                                   "
"1","
[398,]"
"1"," ""571.Other accounts payable (PSDNFPC)(% of GDP)""                                                                          "
"1","
[399,]"
"1"," ""565.Other accounts payable (PSDNFPC, LT, >1yr)(% of GDP)""                                                                "
"1","
[400,]"
"1"," ""469.Other accounts payable (PSDGG, LT, >1yr)(% of GDP)""                                                                  "
"1","
[401,]"
"1"," ""597.Other accounts payable (PSDFPC, LT, >1yr)(% of GDP)""                                                                 "
"1","
[402,]"
"1"," ""501.Other accounts payable (PSDCG, LT, >1yr)(% of GDP)""                                                                  "
"1","
[403,]"
"1"," ""533.Other accounts payable (PSDCGGB, LT, >1yr)(% of GDP)""                                                                "
"1","
[404,]"
"1"," ""558.Other accounts payable (PSDNFPC, LT, <1yr)(% of GDP)""                                                                "
"1","
[405,]"
"1"," ""462.Other accounts payable (PSDGG, LT, <1yr)(% of GDP)""                                                                  "
"1","
[406,]"
"1"," ""590.Other accounts payable (PSDFPC, LT, <1yr)(% of GDP)""                                                                 "
"1","
[407,]"
"1"," ""494.Other accounts payable (PSDCG, LT, <1yr)(% of GDP)""                                                                  "
"1","
[408,]"
"1"," ""526.Other accounts payable (PSDCGGB, LT, <1yr)(% of GDP)""                                                                "
"1","
[409,]"
"1"," ""475.Other accounts payable (PSDGG, LT)(% of GDP)""                                                                        "
"1","
[410,]"
"1"," ""603.Other accounts payable (PSDFPC)(% of GDP)""                                                                           "
"1","
[411,]"
"1"," ""507.Other accounts payable (PSDCG)(% of GDP)""                                                                            "
"1","
[412,]"
"1"," ""539.Other accounts payable (PSDCGGB)(% of GDP)""                                                                          "
"1","
[413,]"
"1"," ""569.Loans (PSDNFPC)(% of GDP)""                                                                                           "
"1","
[414,]"
"1"," ""563.Loans (PSDNFPC, LT, >1yr)(% of GDP)""                                                                                 "
"1","
[415,]"
"1"," ""467.Loans (PSDGG, LT, >1yr)(% of GDP)""                                                                                   "
"1","
[416,]"
"1"," ""595.Loans (PSDFPC, LT, >1yr)(% of GDP)""                                                                                  "
"1","
[417,]"
"1"," ""499.Loans (PSDCG, LT, >1yr)(% of GDP)""                                                                                   "
"1","
[418,]"
"1"," ""531.Loans (PSDCGGB, LT, >1yr)(% of GDP)""                                                                                 "
"1","
[419,]"
"1"," ""556.Loans (PSDNFPC, LT, <1yr)(% of GDP)""                                                                                 "
"1","
[420,]"
"1"," ""460.Loans (PSDGG, LT, <1yr)(% of GDP)""                                                                                   "
"1","
[421,]"
"1"," ""588.Loans (PSDFPC, LT, <1yr)(% of GDP)""                                                                                  "
"1","
[422,]"
"1"," ""492.Loans (PSDCG, LT, <1yr)(% of GDP)""                                                                                   "
"1","
[423,]"
"1"," ""524.Loans (PSDCGGB, LT, <1yr)(% of GDP)""                                                                                 "
"1","
[424,]"
"1"," ""Consolidated foreign claims of BIS reporting banks to GDP (%)""                                                           "
"1","
[425,]"
"1"," ""Remittance inflows to GDP (%)""                                                                                           "
"1","
[426,]"
"1"," ""Loans from nonresident banks (amounts outstanding) to GDP (%)""                                                           "
"1","
[427,]"
"1"," ""Loans from nonresident banks (net) to GDP (%)""                                                                           "
"1","
[428,]"
"1"," ""Bank deposits to GDP (%)""                                                                                                "
"1","
[429,]"
"1"," ""Credit to government and state-owned enterprises to GDP (%)""                                                             "
"1","
[430,]"
"1"," ""Corporate bond issuance volume to GDP (%)""                                                                               "
"1","
[431,]"
"1"," ""Syndicated loan issuance volume to GDP (%)""                                                                              "
"1","
[432,]"
"1"," ""Gross portfolio debt assets to GDP (%)""                                                                                  "
"1","
[433,]"
"1"," ""Gross portfolio debt liabilities to GDP (%)""                                                                             "
"1","
[434,]"
"1"," ""Gross portfolio equity assets to GDP (%)""                                                                                "
"1","
[435,]"
"1"," ""Gross portfolio equity liabilities to GDP (%)""                                                                           "
"1","
[436,]"
"1"," ""International debt issues to GDP (%)""                                                                                    "
"1","
[437,]"
"1"," ""Outstanding international public debt securities to GDP (%)""                                                             "
"1","
[438,]"
"1"," ""Outstanding international private debt securities to GDP (%)""                                                            "
"1","
[439,]"
"1"," ""Outstanding domestic public debt securities to GDP (%)""                                                                  "
"1","
[440,]"
"1"," ""Outstanding domestic private debt securities to GDP (%)""                                                                 "
"1","
[441,]"
"1"," ""Stock market total value traded to GDP (%)""                                                                              "
"1","
[442,]"
"1"," ""Stock market capitalization to GDP (%)""                                                                                  "
"1","
[443,]"
"1"," ""Domestic credit to private sector (% of GDP)""                                                                            "
"1","
[444,]"
"1"," ""Pension fund assets to GDP (%)""                                                                                          "
"1","
[445,]"
"1"," ""Private credit by deposit money banks and other financial institutions to GDP (%)""                                       "
"1","
[446,]"
"1"," ""Insurance company assets to GDP (%)""                                                                                     "
"1","
[447,]"
"1"," ""Non-life insurance premium volume to GDP (%)""                                                                            "
"1","
[448,]"
"1"," ""Life insurance premium volume to GDP (%)""                                                                                "
"1","
[449,]"
"1"," ""Financial system deposits to GDP (%)""                                                                                    "
"1","
[450,]"
"1"," ""Mutual fund assets to GDP (%)""                                                                                           "
"1","
[451,]"
"1"," ""Central bank assets to GDP (%)""                                                                                          "
"1","
[452,]"
"1"," ""Liquid liabilities to GDP (%)""                                                                                           "
"1","
[453,]"
"1"," ""Nonbank financial institutions assets to GDP (%)""                                                                       "
"1","
[454,]"
"1"," ""Deposit money banks'' assets to GDP (%)""                                                                                 "
"1","
[455,]"
"1"," ""Private credit by deposit money banks to GDP (%)""                                                                        "
"1","
[456,]"
"1"," ""Government expenditure on upper secondary education as a percentage of GDP (%)""                                          "
"1","
[457,]"
"1"," ""Government expenditure on secondary and post-secondary non-tertiary vocational education as % of GDP (%)""                "
"1","
[458,]"
"1"," ""Initial government funding of secondary education as a percentage of GDP (%)""                                            "
"1","
[459,]"
"1"," ""Initial household funding of secondary education as a percentage of GDP""                                                 "
"1","
[460,]"
"1"," ""Government expenditure on secondary education as % of GDP (%)""                                                           "
"1","
[461,]"
"1"," ""Initial government funding of lower secondary education as a percentage of GDP (%)""                                      "
"1","
[462,]"
"1"," ""Government expenditure on lower secondary education as a percentage of GDP (%)""                                          "
"1","
[463,]"
"1"," ""Initial household funding of primary education as a percentage of GDP""                                                   "
"1","
[464,]"
"1"," ""Initial government funding of primary education as a percentage of GDP (%)""                                              "
"1","
[465,]"
"1"," ""Government expenditure on primary education as % of GDP (%)""                                                             "
"1","
[466,]"
"1"," ""Initial government funding of pre-primary education as a percentage of GDP (%)""                                          "
"1","
[467,]"
"1"," ""Government expenditure on pre-primary education as % of GDP (%)""                                                         "
"1","
[468,]"
"1"," ""Trade in goods (% of goods GDP)""                                                                                         "
"1","
[469,]"
"1"," ""Merchandise trade (% of GDP)""                                                                                            "
"1","
[470,]"
"1"," ""Trade (% of GDP, PPP)""                                                                                                   "
"1","
[471,]"
"1"," ""Initial household funding of education as a percentage of GDP""                                                           "
"1","
[472,]"
"1"," ""Initial government funding of education as a percentage of GDP (%)""                                                      "
"1","
[473,]"
"1"," ""Initial household funding of tertiary education as a percentage of GDP""                                                  "
"1","
[474,]"
"1"," ""Initial government funding of tertiary education as a percentage of GDP (%)""                                             "
"1","
[475,]"
"1"," ""Government expenditure on tertiary education as % of GDP (%)""                                                            "
"1","
[476,]"
"1"," ""Government expenditure on post-secondary non-tertiary education as % of GDP (%)""                                         "
"1","
[477,]"
"1"," ""Initial government funding of upper secondary education as a percentage of GDP (%)""                                      "
"1","
[478,]"
"1"," ""Central government debt, total (% of GDP)""                                                                               "
"1","
[479,]"
"1"," ""Central government debt, total (% of GDP)""                                                                               "
"1","
[480,]"
"1"," ""Overall budget deficit, including grants (% of GDP)""                                                                     "
"1","
[481,]"
"1"," ""Overall budget balance, including grants (% of GDP)""                                                                     "
"1","
[482,]"
"1"," ""Net current transfers (% of GDP)""                                                                                        "
"1","
[483,]"
"1"," ""Private capital flows, total (% of GDP)""                                                                                 "
"1","
[484,]"
"1"," ""Foreign direct investment, net inflows (% of GDP)""                                                                       "
"1","
[485,]"
"1"," ""Foreign direct investment (% of GDP)""                                                                                    "
"1","
[486,]"
"1"," ""Net income (% of GDP)""                                                                                                   "
"1","
[487,]"
"1"," ""Current account balance excluding net official capital grants (% of GDP)""                                                "
"1","
[488,]"
"1"," ""Curr. acc. bal. before official transf. (% of GDP)""                                                                      "
"1","
[489,]"
"1"," ""Current account balance (% of GDP)""                                                                                      "
"1","
[490,]"
"1"," ""Current account balance (% of GDP)""                                                                                      "
"1","
[491,]"
"1"," ""Foreign direct investment, net outflows (% of GDP)""                                                                      "
"1","
[492,]"
"1"," ""Foreign direct investment, net outflows (% of GDP)""                                                                      "
"1","
[493,]"
"1"," ""Merchandise imports (BOP): percentage of GDP (%)""                                                                        "
"1","
"
